PRAGMA defer_foreign_keys=TRUE;
CREATE TABLE users (
  id INTEGER PRIMARY KEY AUTOINCREMENT,
  username TEXT NOT NULL UNIQUE,
  password_hash TEXT NOT NULL,
  created_at TEXT DEFAULT (datetime('now'))
);
INSERT INTO "users" ("id","username","password_hash","created_at") VALUES(1,'admin','$2a$10$o.lVlyRA1peqwqE5veaRRumFdaraxl.e5HlH3YEkkldXAjAY04THC','2026-06-06 16:03:27');
CREATE TABLE customers (
  id INTEGER PRIMARY KEY AUTOINCREMENT,
  phone TEXT NOT NULL UNIQUE,
  name TEXT NOT NULL,
  address TEXT,
  note TEXT,
  created_at TEXT DEFAULT (datetime('now'))
);
INSERT INTO "customers" ("id","phone","name","address","note","created_at") VALUES(8,'05358238135','Oğuz AKPINAR skdsa','Erzene, 116/8. Sk. No:1, Kat 5 Daire 24 BCMS Konutları 35040 Bornova/İzmir','','2026-06-07 21:19:15');
INSERT INTO "customers" ("id","phone","name","address","note","created_at") VALUES(9,'05422733669','orhan  TOPAL','aşskdasda','asdasd','2026-06-09 17:06:52');
INSERT INTO "customers" ("id","phone","name","address","note","created_at") VALUES(10,'05319677033','Mersin Branda','Mersin Branda','','2026-07-03 12:44:02');
INSERT INTO "customers" ("id","phone","name","address","note","created_at") VALUES(11,'+905530024426','Enes Topal','Sarılar','','2026-07-03 12:46:06');
INSERT INTO "customers" ("id","phone","name","address","note","created_at") VALUES(12,'+905376065442','Halim Tuna Tek','Tuna Tek','','2026-07-03 12:49:05');
INSERT INTO "customers" ("id","phone","name","address","note","created_at") VALUES(13,'+905069056705','Cüzdancı','Bim Depo yanı Cüzdancı','','2026-07-03 15:49:12');
INSERT INTO "customers" ("id","phone","name","address","note","created_at") VALUES(14,'+905319640907','Tuncay Su Sporları','Su Sporları','','2026-07-03 18:01:41');
INSERT INTO "customers" ("id","phone","name","address","note","created_at") VALUES(15,'+905426747381','Eymen Erkek Kuaför','Kasap Karşısı Kuaför','','2026-07-04 08:58:00');
INSERT INTO "customers" ("id","phone","name","address","note","created_at") VALUES(16,'+905456817503','Emre Koca Av Bayi','Şurası','','2026-07-05 14:00:46');
INSERT INTO "customers" ("id","phone","name","address","note","created_at") VALUES(17,'+905379796299','Orhan Topal','Burası','','2026-07-05 16:59:37');
INSERT INTO "customers" ("id","phone","name","address","note","created_at") VALUES(18,'+905462778640','Wastam Wastam Motor','Sanayi içi','','2026-07-06 08:47:43');
INSERT INTO "customers" ("id","phone","name","address","note","created_at") VALUES(19,'+905322921638','Demir','Han Wood','','2026-07-06 09:02:45');
INSERT INTO "customers" ("id","phone","name","address","note","created_at") VALUES(20,'+905060676153','İbo','Zirve Rot Balans','','2026-07-06 09:17:21');
INSERT INTO "customers" ("id","phone","name","address","note","created_at") VALUES(21,'05515109006','trabzon ekmek üstü 1. kat','','','2026-07-06 16:18:26');
INSERT INTO "customers" ("id","phone","name","address","note","created_at") VALUES(22,'05350760707','uzman oto yıkama Eyüp','','','2026-07-06 19:03:04');
INSERT INTO "customers" ("id","phone","name","address","note","created_at") VALUES(23,'05073566060','Su Sporları','Orası','','2026-07-08 09:29:01');
INSERT INTO "customers" ("id","phone","name","address","note","created_at") VALUES(24,'+905513970766','emre seker','ertekin toptan karşısı beyaz kapılı yer',NULL,'2026-07-09 08:40:53');
INSERT INTO "customers" ("id","phone","name","address","note","created_at") VALUES(25,'+905312710922','Yiğit Koca ','Koca Av Bayi','','2026-07-11 10:47:56');
INSERT INTO "customers" ("id","phone","name","address","note","created_at") VALUES(26,'05074650707','doğukan abi','dogumarin','','2026-07-13 10:29:40');
INSERT INTO "customers" ("id","phone","name","address","note","created_at") VALUES(27,'+905330326291','expres market','ırmak kenarı expres market','','2026-07-13 12:08:02');
INSERT INTO "customers" ("id","phone","name","address","note","created_at") VALUES(28,'...','Mimar Ali','','','2026-07-13 13:48:51');
INSERT INTO "customers" ("id","phone","name","address","note","created_at") VALUES(29,'+905418251107','CanBurgerci','8531 Sk No 5 Portakal Çiçeği Apt. Kasaplar',replace('Gidince ara inip alacak\n','\n',char(10)),'2026-07-13 15:10:23');
INSERT INTO "customers" ("id","phone","name","address","note","created_at") VALUES(30,'+905075913366','Wastam','Wastam','','2026-07-15 10:01:04');
INSERT INTO "customers" ("id","phone","name","address","note","created_at") VALUES(31,'+905377686746','Yusuf','2003 Sk No 1 Mutlu Akü Sanayi','','2026-07-15 10:06:51');
INSERT INTO "customers" ("id","phone","name","address","note","created_at") VALUES(32,'+905533657619','Onur Gürbüz','Han Wood','','2026-07-15 10:28:49');
INSERT INTO "customers" ("id","phone","name","address","note","created_at") VALUES(33,'+905079919112','Osman Yahşi','Ramazan Öksüzoğlu Tersanesi Alt giriş','','2026-07-15 10:40:16');
INSERT INTO "customers" ("id","phone","name","address","note","created_at") VALUES(34,'+905514720190','Utku','İmza Tuning Gerisi Eda Tekel Binası','','2026-07-15 15:26:57');
CREATE TABLE categories (
  id INTEGER PRIMARY KEY AUTOINCREMENT,
  name TEXT NOT NULL UNIQUE,
  sort_order INTEGER DEFAULT 0
);
INSERT INTO "categories" ("id","name","sort_order") VALUES(25,'Yiyecekler',1);
INSERT INTO "categories" ("id","name","sort_order") VALUES(26,'İçecekler',2);
INSERT INTO "categories" ("id","name","sort_order") VALUES(27,'Extralar',3);
CREATE TABLE products (
  id INTEGER PRIMARY KEY AUTOINCREMENT,
  category_id INTEGER NOT NULL,
  name TEXT NOT NULL,
  price REAL NOT NULL,
  note TEXT,
  active INTEGER DEFAULT 1
, sort_order INTEGER DEFAULT 0);
INSERT INTO "products" ("id","category_id","name","price","note","active","sort_order") VALUES(103,25,'Hamburger ,',300,'130gr Köfte - Cheddar - Turşu - Soğan - Ketçap - Hardal - Patates Kızartması',1,0);
INSERT INTO "products" ("id","category_id","name","price","note","active","sort_order") VALUES(104,25,'Köfte Ekmek',250,replace('Köfte - Domates - Soğan \n','\n',char(10)),1,1);
INSERT INTO "products" ("id","category_id","name","price","note","active","sort_order") VALUES(105,25,'Sucuk Ekmek',200,'Sucuk - Domates',1,2);
INSERT INTO "products" ("id","category_id","name","price","note","active","sort_order") VALUES(106,25,'Karışık',200,'Sosis - Salam - Sucuk - Ketçap - Mayonez - Turşu - Peynir',1,3);
INSERT INTO "products" ("id","category_id","name","price","note","active","sort_order") VALUES(107,25,'Sosisli',100,'Füme Sosis - Hardal - Ketçap - Turşu',1,4);
INSERT INTO "products" ("id","category_id","name","price","note","active","sort_order") VALUES(108,26,'Kutu İçecek',70,'',1,0);
INSERT INTO "products" ("id","category_id","name","price","note","active","sort_order") VALUES(109,26,'Ayran',50,'',1,1);
INSERT INTO "products" ("id","category_id","name","price","note","active","sort_order") VALUES(110,26,'Şalgam',50,'',1,2);
INSERT INTO "products" ("id","category_id","name","price","note","active","sort_order") VALUES(111,26,'Su',20,'',1,3);
INSERT INTO "products" ("id","category_id","name","price","note","active","sort_order") VALUES(112,25,'Patates Kızartması ',60,'',1,5);
INSERT INTO "products" ("id","category_id","name","price","note","active","sort_order") VALUES(113,27,'Extra Köfte',150,'',1,0);
INSERT INTO "products" ("id","category_id","name","price","note","active","sort_order") VALUES(114,27,'Extra Cheddar',40,NULL,1,1);
INSERT INTO "products" ("id","category_id","name","price","note","active","sort_order") VALUES(115,25,'Sınırsız Patates (Öğrenci)',60,'Kişi başı',1,6);
INSERT INTO "products" ("id","category_id","name","price","note","active","sort_order") VALUES(116,25,'Çeyrek Köfte',120,'',1,7);
INSERT INTO "products" ("id","category_id","name","price","note","active","sort_order") VALUES(117,25,'Çeyrek Sucuk',120,'',1,8);
INSERT INTO "products" ("id","category_id","name","price","note","active","sort_order") VALUES(118,25,'3 Çeyrek Köfte',350,'',1,9);
INSERT INTO "products" ("id","category_id","name","price","note","active","sort_order") VALUES(119,25,'3 Çeyrek Sucuk',350,'',1,10);
INSERT INTO "products" ("id","category_id","name","price","note","active","sort_order") VALUES(120,26,'Litrelik Kola',100,'',1,4);
INSERT INTO "products" ("id","category_id","name","price","note","active","sort_order") VALUES(121,25,'Kaşarlı Tost ',150,'',1,11);
INSERT INTO "products" ("id","category_id","name","price","note","active","sort_order") VALUES(122,25,'Karışık Tost',200,'',1,12);
INSERT INTO "products" ("id","category_id","name","price","note","active","sort_order") VALUES(123,25,'Can Burger ',430,'',1,13);
CREATE TABLE orders (
  id INTEGER PRIMARY KEY AUTOINCREMENT,
  customer_id INTEGER,
  status TEXT DEFAULT 'open',
  payment_method TEXT DEFAULT 'pending',
  discount_amount REAL DEFAULT 0,
  discount_percent REAL DEFAULT 0,
  note TEXT,
  created_at TEXT DEFAULT (datetime('now'))
, order_type TEXT DEFAULT 'paket', table_id INTEGER);
INSERT INTO "orders" ("id","customer_id","status","payment_method","discount_amount","discount_percent","note","created_at","order_type","table_id") VALUES(84,NULL,'paid','odenmes',0,0,'','2026-06-27 12:27:06','salon',1);
INSERT INTO "orders" ("id","customer_id","status","payment_method","discount_amount","discount_percent","note","created_at","order_type","table_id") VALUES(85,NULL,'paid','odenmes',0,0,'','2026-06-27 12:27:23','salon',2);
INSERT INTO "orders" ("id","customer_id","status","payment_method","discount_amount","discount_percent","note","created_at","order_type","table_id") VALUES(86,NULL,'paid','odenmes',0,0,'','2026-06-27 12:27:30','salon',4);
INSERT INTO "orders" ("id","customer_id","status","payment_method","discount_amount","discount_percent","note","created_at","order_type","table_id") VALUES(87,NULL,'paid','nakit',0,0,'','2026-06-27 12:27:40','paket',NULL);
INSERT INTO "orders" ("id","customer_id","status","payment_method","discount_amount","discount_percent","note","created_at","order_type","table_id") VALUES(88,NULL,'paid','odenmes',0,0,'','2026-06-27 12:31:04','salon',3);
INSERT INTO "orders" ("id","customer_id","status","payment_method","discount_amount","discount_percent","note","created_at","order_type","table_id") VALUES(89,NULL,'paid','odenmes',0,0,'','2026-06-27 12:40:02','salon',5);
INSERT INTO "orders" ("id","customer_id","status","payment_method","discount_amount","discount_percent","note","created_at","order_type","table_id") VALUES(90,NULL,'cancelled','pending',0,0,'','2026-06-27 12:54:48','paket',NULL);
INSERT INTO "orders" ("id","customer_id","status","payment_method","discount_amount","discount_percent","note","created_at","order_type","table_id") VALUES(91,NULL,'cancelled','pending',0,0,'','2026-06-27 12:56:09','paket',NULL);
INSERT INTO "orders" ("id","customer_id","status","payment_method","discount_amount","discount_percent","note","created_at","order_type","table_id") VALUES(92,NULL,'cancelled','pending',0,0,'','2026-06-27 13:30:34','salon',1);
INSERT INTO "orders" ("id","customer_id","status","payment_method","discount_amount","discount_percent","note","created_at","order_type","table_id") VALUES(93,NULL,'cancelled','pending',0,0,'','2026-06-27 13:31:50','salon',2);
INSERT INTO "orders" ("id","customer_id","status","payment_method","discount_amount","discount_percent","note","created_at","order_type","table_id") VALUES(94,NULL,'paid','odenmes',0,0,'','2026-06-27 13:36:08','salon',1);
INSERT INTO "orders" ("id","customer_id","status","payment_method","discount_amount","discount_percent","note","created_at","order_type","table_id") VALUES(95,NULL,'cancelled','pending',0,0,'','2026-06-27 14:45:08','salon',1);
INSERT INTO "orders" ("id","customer_id","status","payment_method","discount_amount","discount_percent","note","created_at","order_type","table_id") VALUES(96,NULL,'paid','nakit',25,0,'','2026-06-27 16:33:13','salon',9);
INSERT INTO "orders" ("id","customer_id","status","payment_method","discount_amount","discount_percent","note","created_at","order_type","table_id") VALUES(97,1,'cancelled','pending',0,0,'','2026-06-27 17:06:18','paket',NULL);
INSERT INTO "orders" ("id","customer_id","status","payment_method","discount_amount","discount_percent","note","created_at","order_type","table_id") VALUES(98,NULL,'paid','nakit',0,0,'','2026-07-01 07:13:01','salon',1);
INSERT INTO "orders" ("id","customer_id","status","payment_method","discount_amount","discount_percent","note","created_at","order_type","table_id") VALUES(99,NULL,'cancelled','pending',0,0,'','2026-07-03 06:53:40','salon',1);
INSERT INTO "orders" ("id","customer_id","status","payment_method","discount_amount","discount_percent","note","created_at","order_type","table_id") VALUES(100,10,'paid','nakit',0,0,'','2026-07-03 12:44:09','paket',NULL);
INSERT INTO "orders" ("id","customer_id","status","payment_method","discount_amount","discount_percent","note","created_at","order_type","table_id") VALUES(101,11,'cancelled','pending',0,0,'','2026-07-03 12:46:07','paket',NULL);
INSERT INTO "orders" ("id","customer_id","status","payment_method","discount_amount","discount_percent","note","created_at","order_type","table_id") VALUES(102,12,'paid','kredi_karti',0,0,'','2026-07-03 12:49:05','paket',NULL);
INSERT INTO "orders" ("id","customer_id","status","payment_method","discount_amount","discount_percent","note","created_at","order_type","table_id") VALUES(103,8,'cancelled','pending',0,0,'','2026-07-03 14:12:48','paket',NULL);
INSERT INTO "orders" ("id","customer_id","status","payment_method","discount_amount","discount_percent","note","created_at","order_type","table_id") VALUES(104,13,'cancelled','pending',0,0,'','2026-07-03 15:49:12','paket',NULL);
INSERT INTO "orders" ("id","customer_id","status","payment_method","discount_amount","discount_percent","note","created_at","order_type","table_id") VALUES(105,14,'cancelled','pending',0,0,'','2026-07-03 18:01:41','paket',NULL);
INSERT INTO "orders" ("id","customer_id","status","payment_method","discount_amount","discount_percent","note","created_at","order_type","table_id") VALUES(106,NULL,'paid','nakit',0,0,'','2026-07-04 08:36:45','salon',1);
INSERT INTO "orders" ("id","customer_id","status","payment_method","discount_amount","discount_percent","note","created_at","order_type","table_id") VALUES(107,15,'cancelled','pending',0,0,'','2026-07-04 08:58:00','paket',NULL);
INSERT INTO "orders" ("id","customer_id","status","payment_method","discount_amount","discount_percent","note","created_at","order_type","table_id") VALUES(108,NULL,'paid','odenmes',0,0,'','2026-07-05 13:41:08','salon',1);
INSERT INTO "orders" ("id","customer_id","status","payment_method","discount_amount","discount_percent","note","created_at","order_type","table_id") VALUES(109,NULL,'cancelled','pending',0,0,'','2026-07-05 13:41:35','salon',2);
INSERT INTO "orders" ("id","customer_id","status","payment_method","discount_amount","discount_percent","note","created_at","order_type","table_id") VALUES(110,13,'cancelled','pending',0,0,'','2026-07-05 13:41:42','paket',NULL);
INSERT INTO "orders" ("id","customer_id","status","payment_method","discount_amount","discount_percent","note","created_at","order_type","table_id") VALUES(111,NULL,'cancelled','pending',0,0,'','2026-07-05 13:43:31','salon',2);
INSERT INTO "orders" ("id","customer_id","status","payment_method","discount_amount","discount_percent","note","created_at","order_type","table_id") VALUES(112,NULL,'cancelled','pending',0,0,'','2026-07-05 13:44:24','salon',2);
INSERT INTO "orders" ("id","customer_id","status","payment_method","discount_amount","discount_percent","note","created_at","order_type","table_id") VALUES(113,NULL,'cancelled','pending',0,0,'','2026-07-05 13:44:44','salon',2);
INSERT INTO "orders" ("id","customer_id","status","payment_method","discount_amount","discount_percent","note","created_at","order_type","table_id") VALUES(114,NULL,'cancelled','pending',0,0,'','2026-07-05 13:55:43','salon',2);
INSERT INTO "orders" ("id","customer_id","status","payment_method","discount_amount","discount_percent","note","created_at","order_type","table_id") VALUES(115,16,'cancelled','pending',0,0,'','2026-07-05 14:00:47','paket',NULL);
INSERT INTO "orders" ("id","customer_id","status","payment_method","discount_amount","discount_percent","note","created_at","order_type","table_id") VALUES(116,NULL,'cancelled','pending',0,0,'','2026-07-05 15:30:47','salon',2);
INSERT INTO "orders" ("id","customer_id","status","payment_method","discount_amount","discount_percent","note","created_at","order_type","table_id") VALUES(117,17,'cancelled','pending',0,0,'','2026-07-05 16:59:37','paket',NULL);
INSERT INTO "orders" ("id","customer_id","status","payment_method","discount_amount","discount_percent","note","created_at","order_type","table_id") VALUES(118,18,'paid','kredi_karti',0,0,'','2026-07-06 08:47:43','paket',NULL);
INSERT INTO "orders" ("id","customer_id","status","payment_method","discount_amount","discount_percent","note","created_at","order_type","table_id") VALUES(119,19,'paid','kredi_karti',0,0,'','2026-07-06 09:02:45','paket',NULL);
INSERT INTO "orders" ("id","customer_id","status","payment_method","discount_amount","discount_percent","note","created_at","order_type","table_id") VALUES(120,18,'paid','nakit',0,0,'','2026-07-06 09:14:50','paket',NULL);
INSERT INTO "orders" ("id","customer_id","status","payment_method","discount_amount","discount_percent","note","created_at","order_type","table_id") VALUES(121,20,'cancelled','pending',0,0,'','2026-07-06 09:17:21','paket',NULL);
INSERT INTO "orders" ("id","customer_id","status","payment_method","discount_amount","discount_percent","note","created_at","order_type","table_id") VALUES(122,20,'paid','nakit',20,0,'','2026-07-06 09:18:35','paket',NULL);
INSERT INTO "orders" ("id","customer_id","status","payment_method","discount_amount","discount_percent","note","created_at","order_type","table_id") VALUES(123,NULL,'cancelled','pending',0,0,'','2026-07-06 09:31:34','paket',NULL);
INSERT INTO "orders" ("id","customer_id","status","payment_method","discount_amount","discount_percent","note","created_at","order_type","table_id") VALUES(124,NULL,'paid','nakit',0,0,'','2026-07-06 09:31:51','gelal',NULL);
INSERT INTO "orders" ("id","customer_id","status","payment_method","discount_amount","discount_percent","note","created_at","order_type","table_id") VALUES(125,NULL,'paid','nakit',0,0,'','2026-07-06 09:52:27','salon',1);
INSERT INTO "orders" ("id","customer_id","status","payment_method","discount_amount","discount_percent","note","created_at","order_type","table_id") VALUES(126,NULL,'paid','nakit',0,0,'','2026-07-06 09:52:47','salon',1);
INSERT INTO "orders" ("id","customer_id","status","payment_method","discount_amount","discount_percent","note","created_at","order_type","table_id") VALUES(127,NULL,'cancelled','pending',0,0,'','2026-07-06 09:53:03','salon',2);
INSERT INTO "orders" ("id","customer_id","status","payment_method","discount_amount","discount_percent","note","created_at","order_type","table_id") VALUES(128,NULL,'paid','nakit',0,0,'','2026-07-06 10:02:00','gelal',NULL);
INSERT INTO "orders" ("id","customer_id","status","payment_method","discount_amount","discount_percent","note","created_at","order_type","table_id") VALUES(129,NULL,'paid','kredi_karti',0,0,'','2026-07-06 10:03:14','salon',2);
INSERT INTO "orders" ("id","customer_id","status","payment_method","discount_amount","discount_percent","note","created_at","order_type","table_id") VALUES(130,NULL,'paid','nakit',0,0,'','2026-07-06 10:09:55','gelal',NULL);
INSERT INTO "orders" ("id","customer_id","status","payment_method","discount_amount","discount_percent","note","created_at","order_type","table_id") VALUES(131,NULL,'paid','nakit',0,0,'','2026-07-06 10:10:16','gelal',NULL);
INSERT INTO "orders" ("id","customer_id","status","payment_method","discount_amount","discount_percent","note","created_at","order_type","table_id") VALUES(132,NULL,'paid','nakit',0,0,'','2026-07-06 10:12:11','gelal',NULL);
INSERT INTO "orders" ("id","customer_id","status","payment_method","discount_amount","discount_percent","note","created_at","order_type","table_id") VALUES(133,NULL,'cancelled','pending',0,0,'','2026-07-06 12:52:38','gelal',NULL);
INSERT INTO "orders" ("id","customer_id","status","payment_method","discount_amount","discount_percent","note","created_at","order_type","table_id") VALUES(134,NULL,'paid','kredi_karti',0,0,'','2026-07-06 13:28:15','paket',NULL);
INSERT INTO "orders" ("id","customer_id","status","payment_method","discount_amount","discount_percent","note","created_at","order_type","table_id") VALUES(135,NULL,'paid','kredi_karti',0,0,'','2026-07-06 14:20:37','paket',NULL);
INSERT INTO "orders" ("id","customer_id","status","payment_method","discount_amount","discount_percent","note","created_at","order_type","table_id") VALUES(136,NULL,'cancelled','pending',0,0,'','2026-07-06 14:49:45','salon',1);
INSERT INTO "orders" ("id","customer_id","status","payment_method","discount_amount","discount_percent","note","created_at","order_type","table_id") VALUES(137,NULL,'paid','kredi_karti',0,0,'','2026-07-06 14:53:13','salon',5);
INSERT INTO "orders" ("id","customer_id","status","payment_method","discount_amount","discount_percent","note","created_at","order_type","table_id") VALUES(138,NULL,'paid','nakit',0,0,'','2026-07-06 14:53:52','salon',9);
INSERT INTO "orders" ("id","customer_id","status","payment_method","discount_amount","discount_percent","note","created_at","order_type","table_id") VALUES(139,NULL,'paid','nakit',0,0,'','2026-07-06 15:04:24','paket',NULL);
INSERT INTO "orders" ("id","customer_id","status","payment_method","discount_amount","discount_percent","note","created_at","order_type","table_id") VALUES(140,NULL,'cancelled','pending',0,0,'','2026-07-06 15:05:33','paket',NULL);
INSERT INTO "orders" ("id","customer_id","status","payment_method","discount_amount","discount_percent","note","created_at","order_type","table_id") VALUES(141,NULL,'paid','kredi_karti',0,0,'','2026-07-06 15:06:43','salon',12);
INSERT INTO "orders" ("id","customer_id","status","payment_method","discount_amount","discount_percent","note","created_at","order_type","table_id") VALUES(142,NULL,'paid','nakit',100,0,'','2026-07-06 15:42:17','paket',NULL);
INSERT INTO "orders" ("id","customer_id","status","payment_method","discount_amount","discount_percent","note","created_at","order_type","table_id") VALUES(143,NULL,'paid','kredi_karti',0,0,'','2026-07-06 15:55:42','salon',6);
INSERT INTO "orders" ("id","customer_id","status","payment_method","discount_amount","discount_percent","note","created_at","order_type","table_id") VALUES(144,NULL,'paid','nakit',0,0,'','2026-07-06 16:16:33','paket',NULL);
INSERT INTO "orders" ("id","customer_id","status","payment_method","discount_amount","discount_percent","note","created_at","order_type","table_id") VALUES(145,NULL,'paid','nakit',0,0,'','2026-07-06 16:28:43','gelal',NULL);
INSERT INTO "orders" ("id","customer_id","status","payment_method","discount_amount","discount_percent","note","created_at","order_type","table_id") VALUES(146,NULL,'paid','nakit',0,0,'','2026-07-06 16:42:16','salon',6);
INSERT INTO "orders" ("id","customer_id","status","payment_method","discount_amount","discount_percent","note","created_at","order_type","table_id") VALUES(147,NULL,'paid','nakit',10,0,'','2026-07-06 17:09:15','salon',7);
INSERT INTO "orders" ("id","customer_id","status","payment_method","discount_amount","discount_percent","note","created_at","order_type","table_id") VALUES(148,NULL,'cancelled','pending',0,0,'','2026-07-06 18:48:55','paket',NULL);
INSERT INTO "orders" ("id","customer_id","status","payment_method","discount_amount","discount_percent","note","created_at","order_type","table_id") VALUES(149,NULL,'cancelled','pending',0,0,'','2026-07-06 18:49:27','paket',NULL);
INSERT INTO "orders" ("id","customer_id","status","payment_method","discount_amount","discount_percent","note","created_at","order_type","table_id") VALUES(150,NULL,'paid','kredi_karti',0,0,'','2026-07-06 18:51:38','paket',NULL);
INSERT INTO "orders" ("id","customer_id","status","payment_method","discount_amount","discount_percent","note","created_at","order_type","table_id") VALUES(151,NULL,'paid','kredi_karti',0,0,'','2026-07-07 06:54:16','paket',NULL);
INSERT INTO "orders" ("id","customer_id","status","payment_method","discount_amount","discount_percent","note","created_at","order_type","table_id") VALUES(152,NULL,'cancelled','pending',0,0,'','2026-07-07 08:08:32','salon',6);
INSERT INTO "orders" ("id","customer_id","status","payment_method","discount_amount","discount_percent","note","created_at","order_type","table_id") VALUES(153,NULL,'paid','kredi_karti',0,0,'','2026-07-07 08:09:36','salon',6);
INSERT INTO "orders" ("id","customer_id","status","payment_method","discount_amount","discount_percent","note","created_at","order_type","table_id") VALUES(154,NULL,'paid','kredi_karti',0,0,'','2026-07-07 08:11:13','salon',7);
INSERT INTO "orders" ("id","customer_id","status","payment_method","discount_amount","discount_percent","note","created_at","order_type","table_id") VALUES(155,NULL,'paid','kredi_karti',0,0,'','2026-07-07 08:44:15','paket',NULL);
INSERT INTO "orders" ("id","customer_id","status","payment_method","discount_amount","discount_percent","note","created_at","order_type","table_id") VALUES(156,NULL,'paid','kredi_karti',0,0,'','2026-07-07 09:28:56','paket',NULL);
INSERT INTO "orders" ("id","customer_id","status","payment_method","discount_amount","discount_percent","note","created_at","order_type","table_id") VALUES(157,NULL,'paid','nakit',0,0,'','2026-07-07 10:42:07','paket',NULL);
INSERT INTO "orders" ("id","customer_id","status","payment_method","discount_amount","discount_percent","note","created_at","order_type","table_id") VALUES(158,NULL,'paid','nakit',0,0,'','2026-07-07 10:43:20','paket',NULL);
INSERT INTO "orders" ("id","customer_id","status","payment_method","discount_amount","discount_percent","note","created_at","order_type","table_id") VALUES(159,NULL,'paid','nakit',0,0,'','2026-07-07 11:35:50','paket',NULL);
INSERT INTO "orders" ("id","customer_id","status","payment_method","discount_amount","discount_percent","note","created_at","order_type","table_id") VALUES(160,NULL,'paid','nakit',0,0,'','2026-07-07 11:36:14','paket',NULL);
INSERT INTO "orders" ("id","customer_id","status","payment_method","discount_amount","discount_percent","note","created_at","order_type","table_id") VALUES(161,NULL,'paid','nakit',0,0,'','2026-07-07 11:46:11','paket',NULL);
INSERT INTO "orders" ("id","customer_id","status","payment_method","discount_amount","discount_percent","note","created_at","order_type","table_id") VALUES(162,NULL,'paid','kredi_karti',0,0,'','2026-07-07 12:07:33','paket',NULL);
INSERT INTO "orders" ("id","customer_id","status","payment_method","discount_amount","discount_percent","note","created_at","order_type","table_id") VALUES(163,NULL,'paid','kredi_karti',0,0,'','2026-07-07 12:28:58','paket',NULL);
INSERT INTO "orders" ("id","customer_id","status","payment_method","discount_amount","discount_percent","note","created_at","order_type","table_id") VALUES(164,NULL,'paid','nakit',0,0,'','2026-07-07 12:34:53','gelal',NULL);
INSERT INTO "orders" ("id","customer_id","status","payment_method","discount_amount","discount_percent","note","created_at","order_type","table_id") VALUES(165,NULL,'cancelled','pending',0,0,'','2026-07-07 12:35:56','gelal',NULL);
INSERT INTO "orders" ("id","customer_id","status","payment_method","discount_amount","discount_percent","note","created_at","order_type","table_id") VALUES(166,NULL,'cancelled','pending',0,0,'','2026-07-07 12:36:03','paket',NULL);
INSERT INTO "orders" ("id","customer_id","status","payment_method","discount_amount","discount_percent","note","created_at","order_type","table_id") VALUES(167,NULL,'paid','nakit',40,0,'','2026-07-07 13:07:54','salon',5);
INSERT INTO "orders" ("id","customer_id","status","payment_method","discount_amount","discount_percent","note","created_at","order_type","table_id") VALUES(168,NULL,'paid','nakit',0,0,'','2026-07-07 13:08:22','salon',7);
INSERT INTO "orders" ("id","customer_id","status","payment_method","discount_amount","discount_percent","note","created_at","order_type","table_id") VALUES(169,NULL,'paid','kredi_karti',0,0,'','2026-07-07 13:08:50','paket',NULL);
INSERT INTO "orders" ("id","customer_id","status","payment_method","discount_amount","discount_percent","note","created_at","order_type","table_id") VALUES(170,NULL,'paid','kredi_karti',0,0,'','2026-07-07 13:09:24','paket',NULL);
INSERT INTO "orders" ("id","customer_id","status","payment_method","discount_amount","discount_percent","note","created_at","order_type","table_id") VALUES(171,NULL,'paid','nakit',30,0,'','2026-07-07 13:51:55','paket',NULL);
INSERT INTO "orders" ("id","customer_id","status","payment_method","discount_amount","discount_percent","note","created_at","order_type","table_id") VALUES(172,NULL,'paid','nakit',0,0,'','2026-07-07 14:14:36','paket',NULL);
INSERT INTO "orders" ("id","customer_id","status","payment_method","discount_amount","discount_percent","note","created_at","order_type","table_id") VALUES(173,NULL,'paid','nakit',0,0,'','2026-07-07 14:27:35','salon',6);
INSERT INTO "orders" ("id","customer_id","status","payment_method","discount_amount","discount_percent","note","created_at","order_type","table_id") VALUES(174,NULL,'paid','nakit',0,0,'','2026-07-07 15:09:46','paket',NULL);
INSERT INTO "orders" ("id","customer_id","status","payment_method","discount_amount","discount_percent","note","created_at","order_type","table_id") VALUES(175,NULL,'paid','nakit',0,0,'','2026-07-07 16:00:47','salon',5);
INSERT INTO "orders" ("id","customer_id","status","payment_method","discount_amount","discount_percent","note","created_at","order_type","table_id") VALUES(176,NULL,'paid','nakit',0,0,'','2026-07-07 16:01:07','salon',7);
INSERT INTO "orders" ("id","customer_id","status","payment_method","discount_amount","discount_percent","note","created_at","order_type","table_id") VALUES(177,NULL,'paid','nakit',0,0,'','2026-07-07 16:20:29','paket',NULL);
INSERT INTO "orders" ("id","customer_id","status","payment_method","discount_amount","discount_percent","note","created_at","order_type","table_id") VALUES(178,NULL,'paid','kredi_karti',0,0,'','2026-07-07 16:33:39','salon',5);
INSERT INTO "orders" ("id","customer_id","status","payment_method","discount_amount","discount_percent","note","created_at","order_type","table_id") VALUES(179,NULL,'paid','kredi_karti',0,0,'','2026-07-07 16:33:48','salon',6);
INSERT INTO "orders" ("id","customer_id","status","payment_method","discount_amount","discount_percent","note","created_at","order_type","table_id") VALUES(180,NULL,'paid','nakit',20,0,'','2026-07-07 16:34:21','salon',8);
INSERT INTO "orders" ("id","customer_id","status","payment_method","discount_amount","discount_percent","note","created_at","order_type","table_id") VALUES(181,NULL,'paid','kredi_karti',0,0,'','2026-07-07 16:46:19','paket',NULL);
INSERT INTO "orders" ("id","customer_id","status","payment_method","discount_amount","discount_percent","note","created_at","order_type","table_id") VALUES(182,NULL,'paid','nakit',0,0,'','2026-07-07 16:50:06','paket',NULL);
INSERT INTO "orders" ("id","customer_id","status","payment_method","discount_amount","discount_percent","note","created_at","order_type","table_id") VALUES(183,NULL,'cancelled','pending',0,0,'','2026-07-07 17:13:40','salon',6);
INSERT INTO "orders" ("id","customer_id","status","payment_method","discount_amount","discount_percent","note","created_at","order_type","table_id") VALUES(184,NULL,'paid','kredi_karti',0,0,'','2026-07-07 17:13:55','paket',NULL);
INSERT INTO "orders" ("id","customer_id","status","payment_method","discount_amount","discount_percent","note","created_at","order_type","table_id") VALUES(185,NULL,'paid','kredi_karti',0,0,'','2026-07-07 17:15:48','salon',9);
INSERT INTO "orders" ("id","customer_id","status","payment_method","discount_amount","discount_percent","note","created_at","order_type","table_id") VALUES(186,NULL,'paid','odenmes',0,0,'','2026-07-07 17:23:21','salon',5);
INSERT INTO "orders" ("id","customer_id","status","payment_method","discount_amount","discount_percent","note","created_at","order_type","table_id") VALUES(187,NULL,'cancelled','pending',0,0,'','2026-07-08 09:24:54','salon',1);
INSERT INTO "orders" ("id","customer_id","status","payment_method","discount_amount","discount_percent","note","created_at","order_type","table_id") VALUES(188,NULL,'paid','nakit',0,0,'','2026-07-08 09:26:57','salon',5);
INSERT INTO "orders" ("id","customer_id","status","payment_method","discount_amount","discount_percent","note","created_at","order_type","table_id") VALUES(189,NULL,'paid','nakit',0,0,'','2026-07-08 09:27:20','salon',5);
INSERT INTO "orders" ("id","customer_id","status","payment_method","discount_amount","discount_percent","note","created_at","order_type","table_id") VALUES(190,23,'paid','kredi_karti',20,0,'','2026-07-08 09:29:07','paket',NULL);
INSERT INTO "orders" ("id","customer_id","status","payment_method","discount_amount","discount_percent","note","created_at","order_type","table_id") VALUES(191,NULL,'paid','nakit',0,0,'','2026-07-08 09:32:11','gelal',NULL);
INSERT INTO "orders" ("id","customer_id","status","payment_method","discount_amount","discount_percent","note","created_at","order_type","table_id") VALUES(192,NULL,'paid','nakit',0,0,'','2026-07-08 09:32:52','gelal',NULL);
INSERT INTO "orders" ("id","customer_id","status","payment_method","discount_amount","discount_percent","note","created_at","order_type","table_id") VALUES(193,NULL,'paid','nakit',0,0,'','2026-07-08 09:33:08','gelal',NULL);
INSERT INTO "orders" ("id","customer_id","status","payment_method","discount_amount","discount_percent","note","created_at","order_type","table_id") VALUES(194,NULL,'paid','nakit',0,0,'','2026-07-08 09:50:27','paket',NULL);
INSERT INTO "orders" ("id","customer_id","status","payment_method","discount_amount","discount_percent","note","created_at","order_type","table_id") VALUES(195,NULL,'cancelled','pending',0,0,'','2026-07-08 09:53:38','salon',7);
INSERT INTO "orders" ("id","customer_id","status","payment_method","discount_amount","discount_percent","note","created_at","order_type","table_id") VALUES(196,NULL,'paid','nakit',50,0,'','2026-07-08 09:53:42','salon',6);
INSERT INTO "orders" ("id","customer_id","status","payment_method","discount_amount","discount_percent","note","created_at","order_type","table_id") VALUES(197,NULL,'paid','nakit',0,0,'','2026-07-08 11:01:56','paket',NULL);
INSERT INTO "orders" ("id","customer_id","status","payment_method","discount_amount","discount_percent","note","created_at","order_type","table_id") VALUES(198,NULL,'paid','kredi_karti',0,0,'','2026-07-08 11:03:31','salon',5);
INSERT INTO "orders" ("id","customer_id","status","payment_method","discount_amount","discount_percent","note","created_at","order_type","table_id") VALUES(199,12,'paid','kredi_karti',0,0,'1''i soğansız!!!','2026-07-08 11:14:34','paket',NULL);
INSERT INTO "orders" ("id","customer_id","status","payment_method","discount_amount","discount_percent","note","created_at","order_type","table_id") VALUES(200,NULL,'paid','kredi_karti',0,0,'','2026-07-08 12:33:04','salon',6);
INSERT INTO "orders" ("id","customer_id","status","payment_method","discount_amount","discount_percent","note","created_at","order_type","table_id") VALUES(201,NULL,'paid','nakit',0,0,'','2026-07-08 13:34:52','paket',NULL);
INSERT INTO "orders" ("id","customer_id","status","payment_method","discount_amount","discount_percent","note","created_at","order_type","table_id") VALUES(202,NULL,'paid','kredi_karti',0,0,'','2026-07-08 14:29:13','paket',NULL);
INSERT INTO "orders" ("id","customer_id","status","payment_method","discount_amount","discount_percent","note","created_at","order_type","table_id") VALUES(203,NULL,'paid','nakit',0,0,'','2026-07-08 14:55:22','salon',7);
INSERT INTO "orders" ("id","customer_id","status","payment_method","discount_amount","discount_percent","note","created_at","order_type","table_id") VALUES(204,NULL,'paid','kredi_karti',0,0,'','2026-07-08 14:55:45','salon',6);
INSERT INTO "orders" ("id","customer_id","status","payment_method","discount_amount","discount_percent","note","created_at","order_type","table_id") VALUES(205,NULL,'paid','nakit',0,0,'','2026-07-08 14:56:24','salon',8);
INSERT INTO "orders" ("id","customer_id","status","payment_method","discount_amount","discount_percent","note","created_at","order_type","table_id") VALUES(206,NULL,'cancelled','pending',0,0,'','2026-07-08 15:27:28','salon',10);
INSERT INTO "orders" ("id","customer_id","status","payment_method","discount_amount","discount_percent","note","created_at","order_type","table_id") VALUES(207,NULL,'paid','kredi_karti',0,0,'','2026-07-08 15:31:57','salon',5);
INSERT INTO "orders" ("id","customer_id","status","payment_method","discount_amount","discount_percent","note","created_at","order_type","table_id") VALUES(208,NULL,'paid','nakit',0,0,'','2026-07-08 15:57:38','paket',NULL);
INSERT INTO "orders" ("id","customer_id","status","payment_method","discount_amount","discount_percent","note","created_at","order_type","table_id") VALUES(209,NULL,'paid','nakit',0,0,'','2026-07-08 15:59:14','salon',5);
INSERT INTO "orders" ("id","customer_id","status","payment_method","discount_amount","discount_percent","note","created_at","order_type","table_id") VALUES(210,NULL,'paid','nakit',0,0,'','2026-07-08 16:25:36','salon',5);
INSERT INTO "orders" ("id","customer_id","status","payment_method","discount_amount","discount_percent","note","created_at","order_type","table_id") VALUES(211,NULL,'paid','nakit',0,0,'','2026-07-08 16:26:03','salon',8);
INSERT INTO "orders" ("id","customer_id","status","payment_method","discount_amount","discount_percent","note","created_at","order_type","table_id") VALUES(212,NULL,'paid','kredi_karti',0,0,'','2026-07-08 18:21:59','paket',NULL);
INSERT INTO "orders" ("id","customer_id","status","payment_method","discount_amount","discount_percent","note","created_at","order_type","table_id") VALUES(213,16,'paid','cari',0,0,'','2026-07-08 19:07:13','paket',NULL);
INSERT INTO "orders" ("id","customer_id","status","payment_method","discount_amount","discount_percent","note","created_at","order_type","table_id") VALUES(214,NULL,'paid','nakit',0,0,'','2026-07-08 19:37:17','paket',NULL);
INSERT INTO "orders" ("id","customer_id","status","payment_method","discount_amount","discount_percent","note","created_at","order_type","table_id") VALUES(215,NULL,'cancelled','pending',0,0,'','2026-07-09 07:03:11','salon',6);
INSERT INTO "orders" ("id","customer_id","status","payment_method","discount_amount","discount_percent","note","created_at","order_type","table_id") VALUES(216,NULL,'paid','nakit',0,0,'','2026-07-09 08:00:42','paket',NULL);
INSERT INTO "orders" ("id","customer_id","status","payment_method","discount_amount","discount_percent","note","created_at","order_type","table_id") VALUES(217,24,'paid','nakit',0,0,'','2026-07-09 08:40:53','paket',NULL);
INSERT INTO "orders" ("id","customer_id","status","payment_method","discount_amount","discount_percent","note","created_at","order_type","table_id") VALUES(218,NULL,'paid','nakit',0,0,'','2026-07-09 08:49:54','paket',NULL);
INSERT INTO "orders" ("id","customer_id","status","payment_method","discount_amount","discount_percent","note","created_at","order_type","table_id") VALUES(219,NULL,'paid','nakit',0,0,'','2026-07-09 09:19:18','paket',NULL);
INSERT INTO "orders" ("id","customer_id","status","payment_method","discount_amount","discount_percent","note","created_at","order_type","table_id") VALUES(220,NULL,'paid','kredi_karti',0,0,'','2026-07-09 09:28:29','salon',6);
INSERT INTO "orders" ("id","customer_id","status","payment_method","discount_amount","discount_percent","note","created_at","order_type","table_id") VALUES(221,NULL,'paid','nakit',0,0,'','2026-07-09 09:53:11','paket',NULL);
INSERT INTO "orders" ("id","customer_id","status","payment_method","discount_amount","discount_percent","note","created_at","order_type","table_id") VALUES(222,NULL,'paid','nakit',0,0,'','2026-07-09 09:58:55','paket',NULL);
INSERT INTO "orders" ("id","customer_id","status","payment_method","discount_amount","discount_percent","note","created_at","order_type","table_id") VALUES(223,NULL,'paid','kredi_karti',0,0,'','2026-07-09 10:24:51','paket',NULL);
INSERT INTO "orders" ("id","customer_id","status","payment_method","discount_amount","discount_percent","note","created_at","order_type","table_id") VALUES(224,NULL,'paid','nakit',0,0,'','2026-07-09 10:27:59','salon',7);
INSERT INTO "orders" ("id","customer_id","status","payment_method","discount_amount","discount_percent","note","created_at","order_type","table_id") VALUES(225,NULL,'paid','kredi_karti',0,0,'','2026-07-09 10:36:48','salon',5);
INSERT INTO "orders" ("id","customer_id","status","payment_method","discount_amount","discount_percent","note","created_at","order_type","table_id") VALUES(226,NULL,'paid','nakit',0,0,'','2026-07-09 10:45:01','salon',7);
INSERT INTO "orders" ("id","customer_id","status","payment_method","discount_amount","discount_percent","note","created_at","order_type","table_id") VALUES(227,NULL,'paid','kredi_karti',0,0,'','2026-07-09 11:28:41','salon',6);
INSERT INTO "orders" ("id","customer_id","status","payment_method","discount_amount","discount_percent","note","created_at","order_type","table_id") VALUES(228,NULL,'paid','kredi_karti',0,0,'','2026-07-09 11:37:18','paket',NULL);
INSERT INTO "orders" ("id","customer_id","status","payment_method","discount_amount","discount_percent","note","created_at","order_type","table_id") VALUES(229,NULL,'cancelled','pending',0,0,'','2026-07-09 12:53:26','salon',11);
INSERT INTO "orders" ("id","customer_id","status","payment_method","discount_amount","discount_percent","note","created_at","order_type","table_id") VALUES(230,NULL,'paid','kredi_karti',0,0,'','2026-07-09 12:53:31','salon',10);
INSERT INTO "orders" ("id","customer_id","status","payment_method","discount_amount","discount_percent","note","created_at","order_type","table_id") VALUES(231,NULL,'cancelled','pending',0,0,'','2026-07-09 14:20:54','salon',7);
INSERT INTO "orders" ("id","customer_id","status","payment_method","discount_amount","discount_percent","note","created_at","order_type","table_id") VALUES(232,NULL,'cancelled','pending',0,0,'','2026-07-09 15:23:09','paket',NULL);
INSERT INTO "orders" ("id","customer_id","status","payment_method","discount_amount","discount_percent","note","created_at","order_type","table_id") VALUES(233,NULL,'paid','kredi_karti',0,0,'','2026-07-09 15:27:00','gelal',NULL);
INSERT INTO "orders" ("id","customer_id","status","payment_method","discount_amount","discount_percent","note","created_at","order_type","table_id") VALUES(234,NULL,'paid','nakit',0,0,'','2026-07-09 15:44:48','salon',5);
INSERT INTO "orders" ("id","customer_id","status","payment_method","discount_amount","discount_percent","note","created_at","order_type","table_id") VALUES(235,NULL,'paid','nakit',0,0,'','2026-07-09 16:38:37','paket',NULL);
INSERT INTO "orders" ("id","customer_id","status","payment_method","discount_amount","discount_percent","note","created_at","order_type","table_id") VALUES(236,NULL,'paid','kredi_karti',0,0,'','2026-07-09 17:02:04','salon',5);
INSERT INTO "orders" ("id","customer_id","status","payment_method","discount_amount","discount_percent","note","created_at","order_type","table_id") VALUES(237,NULL,'paid','kredi_karti',0,0,'','2026-07-09 17:34:07','paket',NULL);
INSERT INTO "orders" ("id","customer_id","status","payment_method","discount_amount","discount_percent","note","created_at","order_type","table_id") VALUES(238,NULL,'paid','kredi_karti',0,0,'','2026-07-09 18:49:51','salon',5);
INSERT INTO "orders" ("id","customer_id","status","payment_method","discount_amount","discount_percent","note","created_at","order_type","table_id") VALUES(239,NULL,'paid','kredi_karti',0,0,'','2026-07-09 18:50:11','salon',7);
INSERT INTO "orders" ("id","customer_id","status","payment_method","discount_amount","discount_percent","note","created_at","order_type","table_id") VALUES(240,NULL,'paid','kredi_karti',0,0,'','2026-07-09 19:05:45','paket',NULL);
INSERT INTO "orders" ("id","customer_id","status","payment_method","discount_amount","discount_percent","note","created_at","order_type","table_id") VALUES(241,NULL,'paid','kredi_karti',0,0,'','2026-07-09 19:06:23','salon',6);
INSERT INTO "orders" ("id","customer_id","status","payment_method","discount_amount","discount_percent","note","created_at","order_type","table_id") VALUES(242,NULL,'paid','kredi_karti',0,0,'','2026-07-09 19:18:50','salon',8);
INSERT INTO "orders" ("id","customer_id","status","payment_method","discount_amount","discount_percent","note","created_at","order_type","table_id") VALUES(243,NULL,'cancelled','pending',0,0,'','2026-07-09 20:27:31','salon',7);
INSERT INTO "orders" ("id","customer_id","status","payment_method","discount_amount","discount_percent","note","created_at","order_type","table_id") VALUES(244,NULL,'paid','nakit',50,0,'','2026-07-09 21:11:27','paket',NULL);
INSERT INTO "orders" ("id","customer_id","status","payment_method","discount_amount","discount_percent","note","created_at","order_type","table_id") VALUES(245,NULL,'paid','kredi_karti',0,0,'','2026-07-10 09:07:33','salon',5);
INSERT INTO "orders" ("id","customer_id","status","payment_method","discount_amount","discount_percent","note","created_at","order_type","table_id") VALUES(246,NULL,'paid','nakit',0,0,'','2026-07-10 09:07:44','salon',5);
INSERT INTO "orders" ("id","customer_id","status","payment_method","discount_amount","discount_percent","note","created_at","order_type","table_id") VALUES(247,NULL,'paid','kredi_karti',0,0,'','2026-07-10 09:10:46','paket',NULL);
INSERT INTO "orders" ("id","customer_id","status","payment_method","discount_amount","discount_percent","note","created_at","order_type","table_id") VALUES(248,NULL,'paid','kredi_karti',0,0,'','2026-07-10 09:11:54','paket',NULL);
INSERT INTO "orders" ("id","customer_id","status","payment_method","discount_amount","discount_percent","note","created_at","order_type","table_id") VALUES(249,NULL,'paid','kredi_karti',0,0,'','2026-07-10 09:18:15','salon',6);
INSERT INTO "orders" ("id","customer_id","status","payment_method","discount_amount","discount_percent","note","created_at","order_type","table_id") VALUES(250,NULL,'paid','kredi_karti',0,0,'','2026-07-10 09:33:09','salon',5);
INSERT INTO "orders" ("id","customer_id","status","payment_method","discount_amount","discount_percent","note","created_at","order_type","table_id") VALUES(251,NULL,'paid','nakit',0,0,'','2026-07-10 10:03:43','salon',7);
INSERT INTO "orders" ("id","customer_id","status","payment_method","discount_amount","discount_percent","note","created_at","order_type","table_id") VALUES(252,NULL,'paid','nakit',0,0,'','2026-07-10 10:06:17','paket',NULL);
INSERT INTO "orders" ("id","customer_id","status","payment_method","discount_amount","discount_percent","note","created_at","order_type","table_id") VALUES(253,NULL,'paid','nakit',0,0,'','2026-07-10 10:39:18','paket',NULL);
INSERT INTO "orders" ("id","customer_id","status","payment_method","discount_amount","discount_percent","note","created_at","order_type","table_id") VALUES(254,NULL,'paid','kredi_karti',0,0,'','2026-07-10 10:41:54','gelal',NULL);
INSERT INTO "orders" ("id","customer_id","status","payment_method","discount_amount","discount_percent","note","created_at","order_type","table_id") VALUES(255,NULL,'paid','kredi_karti',0,0,'','2026-07-10 10:43:21','paket',NULL);
INSERT INTO "orders" ("id","customer_id","status","payment_method","discount_amount","discount_percent","note","created_at","order_type","table_id") VALUES(256,NULL,'paid','kredi_karti',0,0,'','2026-07-10 10:44:43','paket',NULL);
INSERT INTO "orders" ("id","customer_id","status","payment_method","discount_amount","discount_percent","note","created_at","order_type","table_id") VALUES(257,NULL,'paid','kredi_karti',0,0,'','2026-07-10 11:52:54','salon',5);
INSERT INTO "orders" ("id","customer_id","status","payment_method","discount_amount","discount_percent","note","created_at","order_type","table_id") VALUES(258,NULL,'paid','kredi_karti',20,0,'','2026-07-10 12:19:38','salon',5);
INSERT INTO "orders" ("id","customer_id","status","payment_method","discount_amount","discount_percent","note","created_at","order_type","table_id") VALUES(259,NULL,'paid','nakit',0,0,'','2026-07-10 13:12:19','salon',5);
INSERT INTO "orders" ("id","customer_id","status","payment_method","discount_amount","discount_percent","note","created_at","order_type","table_id") VALUES(260,NULL,'cancelled','pending',0,0,'','2026-07-10 14:27:49','paket',NULL);
INSERT INTO "orders" ("id","customer_id","status","payment_method","discount_amount","discount_percent","note","created_at","order_type","table_id") VALUES(261,NULL,'cancelled','pending',0,0,'','2026-07-10 14:28:12','paket',NULL);
INSERT INTO "orders" ("id","customer_id","status","payment_method","discount_amount","discount_percent","note","created_at","order_type","table_id") VALUES(262,NULL,'paid','nakit',0,0,'','2026-07-10 14:28:29','paket',NULL);
INSERT INTO "orders" ("id","customer_id","status","payment_method","discount_amount","discount_percent","note","created_at","order_type","table_id") VALUES(263,NULL,'paid','nakit',15,0,'','2026-07-10 14:45:32','salon',5);
INSERT INTO "orders" ("id","customer_id","status","payment_method","discount_amount","discount_percent","note","created_at","order_type","table_id") VALUES(264,NULL,'paid','kredi_karti',0,0,'','2026-07-10 14:45:46','salon',5);
INSERT INTO "orders" ("id","customer_id","status","payment_method","discount_amount","discount_percent","note","created_at","order_type","table_id") VALUES(265,NULL,'paid','nakit',0,0,'','2026-07-10 14:49:29','paket',NULL);
INSERT INTO "orders" ("id","customer_id","status","payment_method","discount_amount","discount_percent","note","created_at","order_type","table_id") VALUES(266,NULL,'paid','kredi_karti',0,0,'','2026-07-10 15:14:30','salon',8);
INSERT INTO "orders" ("id","customer_id","status","payment_method","discount_amount","discount_percent","note","created_at","order_type","table_id") VALUES(267,NULL,'paid','kredi_karti',0,0,'','2026-07-10 16:17:33','gelal',NULL);
INSERT INTO "orders" ("id","customer_id","status","payment_method","discount_amount","discount_percent","note","created_at","order_type","table_id") VALUES(268,NULL,'paid','nakit',0,0,'','2026-07-10 16:17:54','paket',NULL);
INSERT INTO "orders" ("id","customer_id","status","payment_method","discount_amount","discount_percent","note","created_at","order_type","table_id") VALUES(269,NULL,'paid','nakit',0,0,'','2026-07-10 17:11:02','salon',6);
INSERT INTO "orders" ("id","customer_id","status","payment_method","discount_amount","discount_percent","note","created_at","order_type","table_id") VALUES(270,NULL,'paid','nakit',0,0,'','2026-07-10 18:04:00','paket',NULL);
INSERT INTO "orders" ("id","customer_id","status","payment_method","discount_amount","discount_percent","note","created_at","order_type","table_id") VALUES(271,NULL,'paid','nakit',0,0,'','2026-07-10 19:07:28','paket',NULL);
INSERT INTO "orders" ("id","customer_id","status","payment_method","discount_amount","discount_percent","note","created_at","order_type","table_id") VALUES(272,NULL,'paid','kredi_karti',0,0,'','2026-07-10 19:44:17','paket',NULL);
INSERT INTO "orders" ("id","customer_id","status","payment_method","discount_amount","discount_percent","note","created_at","order_type","table_id") VALUES(273,NULL,'paid','nakit',0,0,'','2026-07-10 19:50:32','gelal',NULL);
INSERT INTO "orders" ("id","customer_id","status","payment_method","discount_amount","discount_percent","note","created_at","order_type","table_id") VALUES(274,NULL,'paid','kredi_karti',0,0,'','2026-07-10 20:03:14','gelal',NULL);
INSERT INTO "orders" ("id","customer_id","status","payment_method","discount_amount","discount_percent","note","created_at","order_type","table_id") VALUES(275,NULL,'cancelled','pending',0,0,'','2026-07-10 20:45:33','salon',6);
INSERT INTO "orders" ("id","customer_id","status","payment_method","discount_amount","discount_percent","note","created_at","order_type","table_id") VALUES(276,NULL,'paid','kredi_karti',0,0,'','2026-07-10 20:46:06','salon',7);
INSERT INTO "orders" ("id","customer_id","status","payment_method","discount_amount","discount_percent","note","created_at","order_type","table_id") VALUES(277,NULL,'paid','nakit',0,0,'','2026-07-10 21:12:57','gelal',NULL);
INSERT INTO "orders" ("id","customer_id","status","payment_method","discount_amount","discount_percent","note","created_at","order_type","table_id") VALUES(278,NULL,'paid','nakit',0,0,'','2026-07-10 21:15:20','gelal',NULL);
INSERT INTO "orders" ("id","customer_id","status","payment_method","discount_amount","discount_percent","note","created_at","order_type","table_id") VALUES(279,NULL,'paid','kredi_karti',0,0,'','2026-07-11 07:47:22','salon',12);
INSERT INTO "orders" ("id","customer_id","status","payment_method","discount_amount","discount_percent","note","created_at","order_type","table_id") VALUES(280,NULL,'paid','kredi_karti',0,0,'','2026-07-11 09:08:04','salon',7);
INSERT INTO "orders" ("id","customer_id","status","payment_method","discount_amount","discount_percent","note","created_at","order_type","table_id") VALUES(281,NULL,'paid','nakit',0,0,'','2026-07-11 10:24:08','paket',NULL);
INSERT INTO "orders" ("id","customer_id","status","payment_method","discount_amount","discount_percent","note","created_at","order_type","table_id") VALUES(282,25,'paid','nakit',0,0,'','2026-07-11 10:47:56','paket',NULL);
INSERT INTO "orders" ("id","customer_id","status","payment_method","discount_amount","discount_percent","note","created_at","order_type","table_id") VALUES(283,25,'cancelled','pending',0,0,'','2026-07-11 10:49:02','paket',NULL);
INSERT INTO "orders" ("id","customer_id","status","payment_method","discount_amount","discount_percent","note","created_at","order_type","table_id") VALUES(284,NULL,'paid','kredi_karti',0,0,'','2026-07-11 10:50:35','salon',5);
INSERT INTO "orders" ("id","customer_id","status","payment_method","discount_amount","discount_percent","note","created_at","order_type","table_id") VALUES(285,NULL,'paid','nakit',0,0,'','2026-07-11 13:25:08','salon',5);
INSERT INTO "orders" ("id","customer_id","status","payment_method","discount_amount","discount_percent","note","created_at","order_type","table_id") VALUES(286,NULL,'paid','nakit',0,0,'','2026-07-11 14:02:44','salon',5);
INSERT INTO "orders" ("id","customer_id","status","payment_method","discount_amount","discount_percent","note","created_at","order_type","table_id") VALUES(287,NULL,'paid','kredi_karti',0,0,'','2026-07-11 14:02:57','gelal',NULL);
INSERT INTO "orders" ("id","customer_id","status","payment_method","discount_amount","discount_percent","note","created_at","order_type","table_id") VALUES(288,NULL,'paid','kredi_karti',0,0,'','2026-07-11 14:14:29','gelal',NULL);
INSERT INTO "orders" ("id","customer_id","status","payment_method","discount_amount","discount_percent","note","created_at","order_type","table_id") VALUES(289,NULL,'paid','kredi_karti',0,0,'','2026-07-11 14:25:06','paket',NULL);
INSERT INTO "orders" ("id","customer_id","status","payment_method","discount_amount","discount_percent","note","created_at","order_type","table_id") VALUES(290,NULL,'cancelled','pending',0,0,'','2026-07-11 14:26:19','gelal',NULL);
INSERT INTO "orders" ("id","customer_id","status","payment_method","discount_amount","discount_percent","note","created_at","order_type","table_id") VALUES(291,NULL,'paid','kredi_karti',0,0,'','2026-07-11 14:31:53','gelal',NULL);
INSERT INTO "orders" ("id","customer_id","status","payment_method","discount_amount","discount_percent","note","created_at","order_type","table_id") VALUES(292,NULL,'paid','nakit',0,0,'','2026-07-11 14:38:59','paket',NULL);
INSERT INTO "orders" ("id","customer_id","status","payment_method","discount_amount","discount_percent","note","created_at","order_type","table_id") VALUES(293,NULL,'paid','kredi_karti',0,0,'','2026-07-11 14:42:08','paket',NULL);
INSERT INTO "orders" ("id","customer_id","status","payment_method","discount_amount","discount_percent","note","created_at","order_type","table_id") VALUES(294,NULL,'paid','kredi_karti',0,0,'','2026-07-11 15:12:45','paket',NULL);
INSERT INTO "orders" ("id","customer_id","status","payment_method","discount_amount","discount_percent","note","created_at","order_type","table_id") VALUES(295,NULL,'paid','kredi_karti',0,0,'','2026-07-11 15:14:28','salon',7);
INSERT INTO "orders" ("id","customer_id","status","payment_method","discount_amount","discount_percent","note","created_at","order_type","table_id") VALUES(296,NULL,'paid','kredi_karti',0,0,'','2026-07-11 15:33:32','gelal',NULL);
INSERT INTO "orders" ("id","customer_id","status","payment_method","discount_amount","discount_percent","note","created_at","order_type","table_id") VALUES(297,NULL,'paid','nakit',0,0,'','2026-07-11 15:35:27','gelal',NULL);
INSERT INTO "orders" ("id","customer_id","status","payment_method","discount_amount","discount_percent","note","created_at","order_type","table_id") VALUES(298,NULL,'paid','nakit',0,0,'','2026-07-11 16:30:40','gelal',NULL);
INSERT INTO "orders" ("id","customer_id","status","payment_method","discount_amount","discount_percent","note","created_at","order_type","table_id") VALUES(299,NULL,'paid','nakit',0,0,'','2026-07-11 17:09:35','salon',12);
INSERT INTO "orders" ("id","customer_id","status","payment_method","discount_amount","discount_percent","note","created_at","order_type","table_id") VALUES(300,NULL,'paid','nakit',0,0,'','2026-07-11 18:21:49','gelal',NULL);
INSERT INTO "orders" ("id","customer_id","status","payment_method","discount_amount","discount_percent","note","created_at","order_type","table_id") VALUES(301,NULL,'paid','kredi_karti',0,0,'','2026-07-11 18:35:37','gelal',NULL);
INSERT INTO "orders" ("id","customer_id","status","payment_method","discount_amount","discount_percent","note","created_at","order_type","table_id") VALUES(302,NULL,'paid','kredi_karti',0,0,'','2026-07-11 18:37:16','salon',6);
INSERT INTO "orders" ("id","customer_id","status","payment_method","discount_amount","discount_percent","note","created_at","order_type","table_id") VALUES(303,NULL,'paid','nakit',0,0,'','2026-07-11 18:50:28','paket',NULL);
INSERT INTO "orders" ("id","customer_id","status","payment_method","discount_amount","discount_percent","note","created_at","order_type","table_id") VALUES(304,NULL,'paid','nakit',0,0,'','2026-07-11 18:51:49','paket',NULL);
INSERT INTO "orders" ("id","customer_id","status","payment_method","discount_amount","discount_percent","note","created_at","order_type","table_id") VALUES(305,NULL,'paid','kredi_karti',0,0,'','2026-07-11 18:52:12','paket',NULL);
INSERT INTO "orders" ("id","customer_id","status","payment_method","discount_amount","discount_percent","note","created_at","order_type","table_id") VALUES(306,NULL,'cancelled','pending',0,0,'','2026-07-11 18:56:46','salon',5);
INSERT INTO "orders" ("id","customer_id","status","payment_method","discount_amount","discount_percent","note","created_at","order_type","table_id") VALUES(307,NULL,'cancelled','pending',0,0,'','2026-07-11 19:34:44','paket',NULL);
INSERT INTO "orders" ("id","customer_id","status","payment_method","discount_amount","discount_percent","note","created_at","order_type","table_id") VALUES(308,NULL,'cancelled','pending',0,0,'','2026-07-11 19:36:32','paket',NULL);
INSERT INTO "orders" ("id","customer_id","status","payment_method","discount_amount","discount_percent","note","created_at","order_type","table_id") VALUES(309,NULL,'paid','kredi_karti',0,0,'','2026-07-11 19:36:48','paket',NULL);
INSERT INTO "orders" ("id","customer_id","status","payment_method","discount_amount","discount_percent","note","created_at","order_type","table_id") VALUES(310,NULL,'paid','nakit',0,0,'','2026-07-11 19:46:58','salon',6);
INSERT INTO "orders" ("id","customer_id","status","payment_method","discount_amount","discount_percent","note","created_at","order_type","table_id") VALUES(311,NULL,'paid','kredi_karti',0,0,'','2026-07-11 20:13:27','gelal',NULL);
INSERT INTO "orders" ("id","customer_id","status","payment_method","discount_amount","discount_percent","note","created_at","order_type","table_id") VALUES(312,NULL,'paid','kredi_karti',30,0,'','2026-07-12 08:31:26','salon',1);
INSERT INTO "orders" ("id","customer_id","status","payment_method","discount_amount","discount_percent","note","created_at","order_type","table_id") VALUES(313,NULL,'cancelled','pending',0,0,'','2026-07-12 08:31:49','salon',2);
INSERT INTO "orders" ("id","customer_id","status","payment_method","discount_amount","discount_percent","note","created_at","order_type","table_id") VALUES(314,NULL,'paid','kredi_karti',0,0,'','2026-07-12 09:48:49','salon',1);
INSERT INTO "orders" ("id","customer_id","status","payment_method","discount_amount","discount_percent","note","created_at","order_type","table_id") VALUES(315,NULL,'paid','nakit',0,0,'','2026-07-12 11:29:33','salon',1);
INSERT INTO "orders" ("id","customer_id","status","payment_method","discount_amount","discount_percent","note","created_at","order_type","table_id") VALUES(316,NULL,'paid','kredi_karti',0,0,'','2026-07-12 12:12:18','salon',1);
INSERT INTO "orders" ("id","customer_id","status","payment_method","discount_amount","discount_percent","note","created_at","order_type","table_id") VALUES(317,NULL,'paid','nakit',0,0,'','2026-07-12 12:12:31','salon',1);
INSERT INTO "orders" ("id","customer_id","status","payment_method","discount_amount","discount_percent","note","created_at","order_type","table_id") VALUES(318,NULL,'paid','nakit',0,0,'','2026-07-12 13:06:27','gelal',NULL);
INSERT INTO "orders" ("id","customer_id","status","payment_method","discount_amount","discount_percent","note","created_at","order_type","table_id") VALUES(319,NULL,'paid','nakit',0,0,'','2026-07-12 13:16:31','gelal',NULL);
INSERT INTO "orders" ("id","customer_id","status","payment_method","discount_amount","discount_percent","note","created_at","order_type","table_id") VALUES(320,NULL,'cancelled','pending',0,0,'','2026-07-12 13:18:21','gelal',NULL);
INSERT INTO "orders" ("id","customer_id","status","payment_method","discount_amount","discount_percent","note","created_at","order_type","table_id") VALUES(321,NULL,'paid','kredi_karti',0,0,'','2026-07-12 13:18:26','paket',NULL);
INSERT INTO "orders" ("id","customer_id","status","payment_method","discount_amount","discount_percent","note","created_at","order_type","table_id") VALUES(322,NULL,'paid','nakit',0,0,'','2026-07-12 13:34:08','paket',NULL);
INSERT INTO "orders" ("id","customer_id","status","payment_method","discount_amount","discount_percent","note","created_at","order_type","table_id") VALUES(323,NULL,'paid','kredi_karti',0,0,'','2026-07-12 14:07:02','salon',6);
INSERT INTO "orders" ("id","customer_id","status","payment_method","discount_amount","discount_percent","note","created_at","order_type","table_id") VALUES(324,NULL,'paid','nakit',0,0,'','2026-07-12 14:07:13','salon',7);
INSERT INTO "orders" ("id","customer_id","status","payment_method","discount_amount","discount_percent","note","created_at","order_type","table_id") VALUES(325,NULL,'paid','nakit',0,0,'','2026-07-12 14:18:38','salon',7);
INSERT INTO "orders" ("id","customer_id","status","payment_method","discount_amount","discount_percent","note","created_at","order_type","table_id") VALUES(326,NULL,'paid','kredi_karti',0,0,'','2026-07-12 15:38:03','salon',6);
INSERT INTO "orders" ("id","customer_id","status","payment_method","discount_amount","discount_percent","note","created_at","order_type","table_id") VALUES(327,NULL,'paid','kredi_karti',0,0,'','2026-07-12 16:24:43','paket',NULL);
INSERT INTO "orders" ("id","customer_id","status","payment_method","discount_amount","discount_percent","note","created_at","order_type","table_id") VALUES(328,NULL,'cancelled','pending',0,0,'','2026-07-12 16:58:26','salon',1);
INSERT INTO "orders" ("id","customer_id","status","payment_method","discount_amount","discount_percent","note","created_at","order_type","table_id") VALUES(329,NULL,'paid','kredi_karti',0,0,'','2026-07-12 17:48:04','gelal',NULL);
INSERT INTO "orders" ("id","customer_id","status","payment_method","discount_amount","discount_percent","note","created_at","order_type","table_id") VALUES(330,NULL,'paid','kredi_karti',0,0,'','2026-07-12 18:08:20','salon',7);
INSERT INTO "orders" ("id","customer_id","status","payment_method","discount_amount","discount_percent","note","created_at","order_type","table_id") VALUES(331,NULL,'paid','nakit',0,0,'','2026-07-12 18:29:07','paket',NULL);
INSERT INTO "orders" ("id","customer_id","status","payment_method","discount_amount","discount_percent","note","created_at","order_type","table_id") VALUES(332,NULL,'paid','kredi_karti',0,0,'','2026-07-12 19:14:17','salon',7);
INSERT INTO "orders" ("id","customer_id","status","payment_method","discount_amount","discount_percent","note","created_at","order_type","table_id") VALUES(333,NULL,'paid','nakit',0,0,'','2026-07-12 19:51:15','gelal',NULL);
INSERT INTO "orders" ("id","customer_id","status","payment_method","discount_amount","discount_percent","note","created_at","order_type","table_id") VALUES(334,NULL,'paid','kredi_karti',0,0,'','2026-07-12 20:14:18','gelal',NULL);
INSERT INTO "orders" ("id","customer_id","status","payment_method","discount_amount","discount_percent","note","created_at","order_type","table_id") VALUES(335,NULL,'paid','nakit',0,0,'','2026-07-12 20:17:28','gelal',NULL);
INSERT INTO "orders" ("id","customer_id","status","payment_method","discount_amount","discount_percent","note","created_at","order_type","table_id") VALUES(336,NULL,'paid','kredi_karti',0,0,'','2026-07-12 20:22:12','gelal',NULL);
INSERT INTO "orders" ("id","customer_id","status","payment_method","discount_amount","discount_percent","note","created_at","order_type","table_id") VALUES(337,NULL,'paid','nakit',90,0,'','2026-07-12 20:54:05','salon',5);
INSERT INTO "orders" ("id","customer_id","status","payment_method","discount_amount","discount_percent","note","created_at","order_type","table_id") VALUES(338,NULL,'paid','kredi_karti',0,0,'','2026-07-12 21:16:51','paket',NULL);
INSERT INTO "orders" ("id","customer_id","status","payment_method","discount_amount","discount_percent","note","created_at","order_type","table_id") VALUES(339,NULL,'paid','nakit',0,0,'','2026-07-13 08:28:47','paket',NULL);
INSERT INTO "orders" ("id","customer_id","status","payment_method","discount_amount","discount_percent","note","created_at","order_type","table_id") VALUES(340,NULL,'paid','nakit',0,0,'','2026-07-13 08:29:04','gelal',NULL);
INSERT INTO "orders" ("id","customer_id","status","payment_method","discount_amount","discount_percent","note","created_at","order_type","table_id") VALUES(341,NULL,'paid','kredi_karti',0,0,'','2026-07-13 08:35:20','gelal',NULL);
INSERT INTO "orders" ("id","customer_id","status","payment_method","discount_amount","discount_percent","note","created_at","order_type","table_id") VALUES(342,26,'paid','cari',10,0,'','2026-07-13 09:23:41','salon',7);
INSERT INTO "orders" ("id","customer_id","status","payment_method","discount_amount","discount_percent","note","created_at","order_type","table_id") VALUES(343,NULL,'paid','nakit',0,0,'','2026-07-13 09:23:55','salon',10);
INSERT INTO "orders" ("id","customer_id","status","payment_method","discount_amount","discount_percent","note","created_at","order_type","table_id") VALUES(344,NULL,'paid','kredi_karti',0,0,'','2026-07-13 09:55:53','paket',NULL);
INSERT INTO "orders" ("id","customer_id","status","payment_method","discount_amount","discount_percent","note","created_at","order_type","table_id") VALUES(345,NULL,'paid','kredi_karti',0,0,'','2026-07-13 10:00:05','salon',12);
INSERT INTO "orders" ("id","customer_id","status","payment_method","discount_amount","discount_percent","note","created_at","order_type","table_id") VALUES(346,26,'cancelled','pending',0,0,'','2026-07-13 10:29:40','paket',NULL);
INSERT INTO "orders" ("id","customer_id","status","payment_method","discount_amount","discount_percent","note","created_at","order_type","table_id") VALUES(347,NULL,'cancelled','pending',0,0,'','2026-07-13 10:46:47','salon',6);
INSERT INTO "orders" ("id","customer_id","status","payment_method","discount_amount","discount_percent","note","created_at","order_type","table_id") VALUES(348,NULL,'paid','kredi_karti',0,0,'','2026-07-13 10:47:24','salon',6);
INSERT INTO "orders" ("id","customer_id","status","payment_method","discount_amount","discount_percent","note","created_at","order_type","table_id") VALUES(349,NULL,'paid','nakit',0,0,'','2026-07-13 11:24:45','salon',6);
INSERT INTO "orders" ("id","customer_id","status","payment_method","discount_amount","discount_percent","note","created_at","order_type","table_id") VALUES(350,NULL,'paid','odenmes',0,0,'','2026-07-13 11:40:21','salon',5);
INSERT INTO "orders" ("id","customer_id","status","payment_method","discount_amount","discount_percent","note","created_at","order_type","table_id") VALUES(351,27,'cancelled','nakit',0,0,'','2026-07-13 12:08:02','paket',NULL);
INSERT INTO "orders" ("id","customer_id","status","payment_method","discount_amount","discount_percent","note","created_at","order_type","table_id") VALUES(352,27,'cancelled','pending',0,0,'','2026-07-13 12:09:51','paket',NULL);
INSERT INTO "orders" ("id","customer_id","status","payment_method","discount_amount","discount_percent","note","created_at","order_type","table_id") VALUES(353,NULL,'paid','kredi_karti',0,0,'','2026-07-13 12:18:00','salon',6);
INSERT INTO "orders" ("id","customer_id","status","payment_method","discount_amount","discount_percent","note","created_at","order_type","table_id") VALUES(354,NULL,'paid','kredi_karti',0,0,'','2026-07-13 12:24:21','gelal',NULL);
INSERT INTO "orders" ("id","customer_id","status","payment_method","discount_amount","discount_percent","note","created_at","order_type","table_id") VALUES(355,NULL,'paid','kredi_karti',0,0,'','2026-07-13 13:39:15','paket',NULL);
INSERT INTO "orders" ("id","customer_id","status","payment_method","discount_amount","discount_percent","note","created_at","order_type","table_id") VALUES(356,28,'paid','cari',0,0,'','2026-07-13 13:39:37','paket',NULL);
INSERT INTO "orders" ("id","customer_id","status","payment_method","discount_amount","discount_percent","note","created_at","order_type","table_id") VALUES(357,NULL,'paid','kredi_karti',0,0,'','2026-07-13 14:14:06','gelal',NULL);
INSERT INTO "orders" ("id","customer_id","status","payment_method","discount_amount","discount_percent","note","created_at","order_type","table_id") VALUES(358,NULL,'cancelled','pending',0,0,'','2026-07-13 15:05:47','salon',6);
INSERT INTO "orders" ("id","customer_id","status","payment_method","discount_amount","discount_percent","note","created_at","order_type","table_id") VALUES(359,29,'paid','kredi_karti',0,0,'','2026-07-13 15:10:23','paket',NULL);
INSERT INTO "orders" ("id","customer_id","status","payment_method","discount_amount","discount_percent","note","created_at","order_type","table_id") VALUES(360,NULL,'paid','nakit',0,0,'','2026-07-13 15:12:50','paket',NULL);
INSERT INTO "orders" ("id","customer_id","status","payment_method","discount_amount","discount_percent","note","created_at","order_type","table_id") VALUES(361,NULL,'paid','kredi_karti',200,0,'','2026-07-13 15:17:29','salon',5);
INSERT INTO "orders" ("id","customer_id","status","payment_method","discount_amount","discount_percent","note","created_at","order_type","table_id") VALUES(362,NULL,'cancelled','pending',0,0,'','2026-07-13 15:34:18','gelal',NULL);
INSERT INTO "orders" ("id","customer_id","status","payment_method","discount_amount","discount_percent","note","created_at","order_type","table_id") VALUES(363,NULL,'paid','nakit',0,0,'','2026-07-13 17:08:57','paket',NULL);
INSERT INTO "orders" ("id","customer_id","status","payment_method","discount_amount","discount_percent","note","created_at","order_type","table_id") VALUES(364,NULL,'paid','kredi_karti',0,0,'','2026-07-13 17:26:41','gelal',NULL);
INSERT INTO "orders" ("id","customer_id","status","payment_method","discount_amount","discount_percent","note","created_at","order_type","table_id") VALUES(365,NULL,'paid','kredi_karti',0,0,'','2026-07-13 17:26:47','paket',NULL);
INSERT INTO "orders" ("id","customer_id","status","payment_method","discount_amount","discount_percent","note","created_at","order_type","table_id") VALUES(366,NULL,'paid','kredi_karti',0,0,'','2026-07-13 18:55:19','salon',7);
INSERT INTO "orders" ("id","customer_id","status","payment_method","discount_amount","discount_percent","note","created_at","order_type","table_id") VALUES(367,NULL,'paid','kredi_karti',0,0,'','2026-07-14 07:04:27','salon',6);
INSERT INTO "orders" ("id","customer_id","status","payment_method","discount_amount","discount_percent","note","created_at","order_type","table_id") VALUES(368,NULL,'paid','kredi_karti',0,0,'','2026-07-14 07:38:07','salon',5);
INSERT INTO "orders" ("id","customer_id","status","payment_method","discount_amount","discount_percent","note","created_at","order_type","table_id") VALUES(369,NULL,'paid','kredi_karti',0,0,'','2026-07-14 07:50:16','paket',NULL);
INSERT INTO "orders" ("id","customer_id","status","payment_method","discount_amount","discount_percent","note","created_at","order_type","table_id") VALUES(370,NULL,'paid','nakit',0,0,'','2026-07-14 08:17:41','paket',NULL);
INSERT INTO "orders" ("id","customer_id","status","payment_method","discount_amount","discount_percent","note","created_at","order_type","table_id") VALUES(371,NULL,'paid','nakit',0,0,'','2026-07-14 09:44:09','paket',NULL);
INSERT INTO "orders" ("id","customer_id","status","payment_method","discount_amount","discount_percent","note","created_at","order_type","table_id") VALUES(372,NULL,'paid','nakit',0,0,'','2026-07-14 09:57:54','paket',NULL);
INSERT INTO "orders" ("id","customer_id","status","payment_method","discount_amount","discount_percent","note","created_at","order_type","table_id") VALUES(373,NULL,'paid','nakit',10,0,'','2026-07-14 10:12:37','paket',NULL);
INSERT INTO "orders" ("id","customer_id","status","payment_method","discount_amount","discount_percent","note","created_at","order_type","table_id") VALUES(374,NULL,'paid','nakit',0,0,'','2026-07-14 10:13:06','salon',6);
INSERT INTO "orders" ("id","customer_id","status","payment_method","discount_amount","discount_percent","note","created_at","order_type","table_id") VALUES(375,NULL,'paid','nakit',0,0,'','2026-07-14 10:13:18','salon',10);
INSERT INTO "orders" ("id","customer_id","status","payment_method","discount_amount","discount_percent","note","created_at","order_type","table_id") VALUES(376,NULL,'paid','kredi_karti',0,0,'','2026-07-14 10:13:34','paket',NULL);
INSERT INTO "orders" ("id","customer_id","status","payment_method","discount_amount","discount_percent","note","created_at","order_type","table_id") VALUES(377,NULL,'paid','nakit',0,0,'','2026-07-14 10:18:08','salon',7);
INSERT INTO "orders" ("id","customer_id","status","payment_method","discount_amount","discount_percent","note","created_at","order_type","table_id") VALUES(378,NULL,'paid','nakit',0,0,'','2026-07-14 10:29:14','paket',NULL);
INSERT INTO "orders" ("id","customer_id","status","payment_method","discount_amount","discount_percent","note","created_at","order_type","table_id") VALUES(379,NULL,'paid','nakit',0,0,'','2026-07-14 11:06:44','salon',6);
INSERT INTO "orders" ("id","customer_id","status","payment_method","discount_amount","discount_percent","note","created_at","order_type","table_id") VALUES(380,NULL,'paid','nakit',0,0,'','2026-07-14 11:23:10','paket',NULL);
INSERT INTO "orders" ("id","customer_id","status","payment_method","discount_amount","discount_percent","note","created_at","order_type","table_id") VALUES(381,NULL,'paid','nakit',0,0,'','2026-07-14 11:54:55','paket',NULL);
INSERT INTO "orders" ("id","customer_id","status","payment_method","discount_amount","discount_percent","note","created_at","order_type","table_id") VALUES(382,NULL,'paid','kredi_karti',0,0,'','2026-07-14 13:22:08','paket',NULL);
INSERT INTO "orders" ("id","customer_id","status","payment_method","discount_amount","discount_percent","note","created_at","order_type","table_id") VALUES(383,NULL,'paid','nakit',0,0,'','2026-07-14 13:22:33','paket',NULL);
INSERT INTO "orders" ("id","customer_id","status","payment_method","discount_amount","discount_percent","note","created_at","order_type","table_id") VALUES(384,NULL,'paid','kredi_karti',0,0,'','2026-07-14 13:25:16','salon',7);
INSERT INTO "orders" ("id","customer_id","status","payment_method","discount_amount","discount_percent","note","created_at","order_type","table_id") VALUES(385,NULL,'paid','kredi_karti',0,0,'','2026-07-14 13:25:28','salon',6);
INSERT INTO "orders" ("id","customer_id","status","payment_method","discount_amount","discount_percent","note","created_at","order_type","table_id") VALUES(386,NULL,'paid','nakit',0,0,'','2026-07-14 14:13:11','gelal',NULL);
INSERT INTO "orders" ("id","customer_id","status","payment_method","discount_amount","discount_percent","note","created_at","order_type","table_id") VALUES(387,NULL,'paid','kredi_karti',20,0,'','2026-07-14 14:21:37','salon',5);
INSERT INTO "orders" ("id","customer_id","status","payment_method","discount_amount","discount_percent","note","created_at","order_type","table_id") VALUES(388,NULL,'paid','kredi_karti',0,0,'','2026-07-14 14:21:51','salon',7);
INSERT INTO "orders" ("id","customer_id","status","payment_method","discount_amount","discount_percent","note","created_at","order_type","table_id") VALUES(389,NULL,'paid','nakit',0,0,'','2026-07-14 14:22:01','salon',7);
INSERT INTO "orders" ("id","customer_id","status","payment_method","discount_amount","discount_percent","note","created_at","order_type","table_id") VALUES(390,NULL,'paid','nakit',0,0,'','2026-07-14 14:22:52','salon',7);
INSERT INTO "orders" ("id","customer_id","status","payment_method","discount_amount","discount_percent","note","created_at","order_type","table_id") VALUES(391,NULL,'paid','kredi_karti',0,0,'','2026-07-14 14:31:51','salon',7);
INSERT INTO "orders" ("id","customer_id","status","payment_method","discount_amount","discount_percent","note","created_at","order_type","table_id") VALUES(392,NULL,'paid','kredi_karti',0,0,'','2026-07-14 15:37:28','paket',NULL);
INSERT INTO "orders" ("id","customer_id","status","payment_method","discount_amount","discount_percent","note","created_at","order_type","table_id") VALUES(393,NULL,'paid','nakit',0,0,'','2026-07-14 15:45:54','salon',5);
INSERT INTO "orders" ("id","customer_id","status","payment_method","discount_amount","discount_percent","note","created_at","order_type","table_id") VALUES(394,NULL,'paid','nakit',230,0,'','2026-07-14 15:46:22','salon',6);
INSERT INTO "orders" ("id","customer_id","status","payment_method","discount_amount","discount_percent","note","created_at","order_type","table_id") VALUES(395,NULL,'paid','kredi_karti',0,0,'','2026-07-14 15:50:58','paket',NULL);
INSERT INTO "orders" ("id","customer_id","status","payment_method","discount_amount","discount_percent","note","created_at","order_type","table_id") VALUES(396,NULL,'paid','nakit',0,0,'','2026-07-14 17:23:16','salon',5);
INSERT INTO "orders" ("id","customer_id","status","payment_method","discount_amount","discount_percent","note","created_at","order_type","table_id") VALUES(397,NULL,'paid','kredi_karti',0,0,'','2026-07-14 17:42:47','paket',NULL);
INSERT INTO "orders" ("id","customer_id","status","payment_method","discount_amount","discount_percent","note","created_at","order_type","table_id") VALUES(398,NULL,'paid','kredi_karti',0,0,'','2026-07-15 06:20:17','gelal',NULL);
INSERT INTO "orders" ("id","customer_id","status","payment_method","discount_amount","discount_percent","note","created_at","order_type","table_id") VALUES(399,NULL,'paid','kredi_karti',0,0,'','2026-07-15 06:20:27','paket',NULL);
INSERT INTO "orders" ("id","customer_id","status","payment_method","discount_amount","discount_percent","note","created_at","order_type","table_id") VALUES(400,NULL,'paid','kredi_karti',0,0,'','2026-07-15 09:21:03','paket',NULL);
INSERT INTO "orders" ("id","customer_id","status","payment_method","discount_amount","discount_percent","note","created_at","order_type","table_id") VALUES(401,NULL,'paid','nakit',0,0,'','2026-07-15 09:56:52','paket',NULL);
INSERT INTO "orders" ("id","customer_id","status","payment_method","discount_amount","discount_percent","note","created_at","order_type","table_id") VALUES(402,30,'paid','nakit',0,0,'','2026-07-15 10:01:04','paket',NULL);
INSERT INTO "orders" ("id","customer_id","status","payment_method","discount_amount","discount_percent","note","created_at","order_type","table_id") VALUES(403,31,'paid','nakit',0,0,'','2026-07-15 10:06:51','paket',NULL);
INSERT INTO "orders" ("id","customer_id","status","payment_method","discount_amount","discount_percent","note","created_at","order_type","table_id") VALUES(404,32,'paid','nakit',0,0,'','2026-07-15 10:28:49','paket',NULL);
INSERT INTO "orders" ("id","customer_id","status","payment_method","discount_amount","discount_percent","note","created_at","order_type","table_id") VALUES(405,33,'paid','nakit',0,0,'','2026-07-15 10:40:17','paket',NULL);
INSERT INTO "orders" ("id","customer_id","status","payment_method","discount_amount","discount_percent","note","created_at","order_type","table_id") VALUES(406,NULL,'paid','nakit',0,0,'','2026-07-15 12:16:15','gelal',NULL);
INSERT INTO "orders" ("id","customer_id","status","payment_method","discount_amount","discount_percent","note","created_at","order_type","table_id") VALUES(407,NULL,'paid','nakit',0,0,'','2026-07-15 12:29:20','paket',NULL);
INSERT INTO "orders" ("id","customer_id","status","payment_method","discount_amount","discount_percent","note","created_at","order_type","table_id") VALUES(408,NULL,'paid','nakit',0,0,'','2026-07-15 13:12:47','paket',NULL);
INSERT INTO "orders" ("id","customer_id","status","payment_method","discount_amount","discount_percent","note","created_at","order_type","table_id") VALUES(409,NULL,'paid','kredi_karti',0,0,'','2026-07-15 14:16:23','salon',2);
INSERT INTO "orders" ("id","customer_id","status","payment_method","discount_amount","discount_percent","note","created_at","order_type","table_id") VALUES(410,34,'paid','kredi_karti',0,0,'','2026-07-15 15:26:57','paket',NULL);
INSERT INTO "orders" ("id","customer_id","status","payment_method","discount_amount","discount_percent","note","created_at","order_type","table_id") VALUES(411,NULL,'paid','kredi_karti',0,0,'','2026-07-15 16:24:19','salon',1);
INSERT INTO "orders" ("id","customer_id","status","payment_method","discount_amount","discount_percent","note","created_at","order_type","table_id") VALUES(412,NULL,'paid','nakit',0,0,'','2026-07-15 17:24:32','paket',NULL);
INSERT INTO "orders" ("id","customer_id","status","payment_method","discount_amount","discount_percent","note","created_at","order_type","table_id") VALUES(413,NULL,'paid','kredi_karti',0,0,'','2026-07-15 17:52:15','paket',NULL);
INSERT INTO "orders" ("id","customer_id","status","payment_method","discount_amount","discount_percent","note","created_at","order_type","table_id") VALUES(414,NULL,'paid','kredi_karti',0,0,'','2026-07-15 17:52:33','salon',1);
INSERT INTO "orders" ("id","customer_id","status","payment_method","discount_amount","discount_percent","note","created_at","order_type","table_id") VALUES(415,NULL,'paid','kredi_karti',0,0,'','2026-07-15 18:00:01','salon',2);
INSERT INTO "orders" ("id","customer_id","status","payment_method","discount_amount","discount_percent","note","created_at","order_type","table_id") VALUES(416,NULL,'paid','kredi_karti',0,0,'','2026-07-15 18:50:55','paket',NULL);
INSERT INTO "orders" ("id","customer_id","status","payment_method","discount_amount","discount_percent","note","created_at","order_type","table_id") VALUES(417,NULL,'paid','nakit',0,0,'','2026-07-15 20:25:43','salon',1);
INSERT INTO "orders" ("id","customer_id","status","payment_method","discount_amount","discount_percent","note","created_at","order_type","table_id") VALUES(418,NULL,'paid','nakit',0,0,'','2026-07-15 20:44:18','salon',1);
INSERT INTO "orders" ("id","customer_id","status","payment_method","discount_amount","discount_percent","note","created_at","order_type","table_id") VALUES(419,NULL,'paid','kredi_karti',0,0,'','2026-07-15 20:51:22','salon',1);
CREATE TABLE order_items (
  id INTEGER PRIMARY KEY AUTOINCREMENT,
  order_id INTEGER NOT NULL,
  product_id INTEGER NOT NULL,
  quantity INTEGER NOT NULL,
  unit_price REAL NOT NULL
);
INSERT INTO "order_items" ("id","order_id","product_id","quantity","unit_price") VALUES(97,84,104,1,250);
INSERT INTO "order_items" ("id","order_id","product_id","quantity","unit_price") VALUES(98,84,105,1,200);
INSERT INTO "order_items" ("id","order_id","product_id","quantity","unit_price") VALUES(99,85,104,1,250);
INSERT INTO "order_items" ("id","order_id","product_id","quantity","unit_price") VALUES(100,85,103,1,300);
INSERT INTO "order_items" ("id","order_id","product_id","quantity","unit_price") VALUES(101,86,105,1,200);
INSERT INTO "order_items" ("id","order_id","product_id","quantity","unit_price") VALUES(102,86,104,1,250);
INSERT INTO "order_items" ("id","order_id","product_id","quantity","unit_price") VALUES(103,87,103,1,300);
INSERT INTO "order_items" ("id","order_id","product_id","quantity","unit_price") VALUES(104,87,104,2,250);
INSERT INTO "order_items" ("id","order_id","product_id","quantity","unit_price") VALUES(105,87,109,1,50);
INSERT INTO "order_items" ("id","order_id","product_id","quantity","unit_price") VALUES(106,87,110,1,50);
INSERT INTO "order_items" ("id","order_id","product_id","quantity","unit_price") VALUES(107,89,109,1,50);
INSERT INTO "order_items" ("id","order_id","product_id","quantity","unit_price") VALUES(108,89,108,1,70);
INSERT INTO "order_items" ("id","order_id","product_id","quantity","unit_price") VALUES(109,91,103,1,300);
INSERT INTO "order_items" ("id","order_id","product_id","quantity","unit_price") VALUES(110,91,104,1,250);
INSERT INTO "order_items" ("id","order_id","product_id","quantity","unit_price") VALUES(113,94,104,1,250);
INSERT INTO "order_items" ("id","order_id","product_id","quantity","unit_price") VALUES(114,95,107,1,100);
INSERT INTO "order_items" ("id","order_id","product_id","quantity","unit_price") VALUES(115,96,104,3,250);
INSERT INTO "order_items" ("id","order_id","product_id","quantity","unit_price") VALUES(117,98,106,1,200);
INSERT INTO "order_items" ("id","order_id","product_id","quantity","unit_price") VALUES(118,99,105,1,200);
INSERT INTO "order_items" ("id","order_id","product_id","quantity","unit_price") VALUES(119,100,104,1,250);
INSERT INTO "order_items" ("id","order_id","product_id","quantity","unit_price") VALUES(120,101,107,1,100);
INSERT INTO "order_items" ("id","order_id","product_id","quantity","unit_price") VALUES(121,102,104,3,250);
INSERT INTO "order_items" ("id","order_id","product_id","quantity","unit_price") VALUES(122,106,103,1,300);
INSERT INTO "order_items" ("id","order_id","product_id","quantity","unit_price") VALUES(123,107,106,1,200);
INSERT INTO "order_items" ("id","order_id","product_id","quantity","unit_price") VALUES(124,108,104,1,250);
INSERT INTO "order_items" ("id","order_id","product_id","quantity","unit_price") VALUES(125,108,109,1,50);
INSERT INTO "order_items" ("id","order_id","product_id","quantity","unit_price") VALUES(126,115,106,3,200);
INSERT INTO "order_items" ("id","order_id","product_id","quantity","unit_price") VALUES(128,115,107,1,100);
INSERT INTO "order_items" ("id","order_id","product_id","quantity","unit_price") VALUES(130,115,112,3,60);
INSERT INTO "order_items" ("id","order_id","product_id","quantity","unit_price") VALUES(131,88,112,1,60);
INSERT INTO "order_items" ("id","order_id","product_id","quantity","unit_price") VALUES(132,117,112,1,60);
INSERT INTO "order_items" ("id","order_id","product_id","quantity","unit_price") VALUES(133,118,107,3,100);
INSERT INTO "order_items" ("id","order_id","product_id","quantity","unit_price") VALUES(134,119,106,2,200);
INSERT INTO "order_items" ("id","order_id","product_id","quantity","unit_price") VALUES(135,119,108,2,70);
INSERT INTO "order_items" ("id","order_id","product_id","quantity","unit_price") VALUES(136,120,105,1,200);
INSERT INTO "order_items" ("id","order_id","product_id","quantity","unit_price") VALUES(138,122,118,1,350);
INSERT INTO "order_items" ("id","order_id","product_id","quantity","unit_price") VALUES(140,122,104,3,250);
INSERT INTO "order_items" ("id","order_id","product_id","quantity","unit_price") VALUES(141,122,117,1,120);
INSERT INTO "order_items" ("id","order_id","product_id","quantity","unit_price") VALUES(142,124,104,1,250);
INSERT INTO "order_items" ("id","order_id","product_id","quantity","unit_price") VALUES(143,124,109,1,50);
INSERT INTO "order_items" ("id","order_id","product_id","quantity","unit_price") VALUES(144,125,112,1,60);
INSERT INTO "order_items" ("id","order_id","product_id","quantity","unit_price") VALUES(145,126,104,2,250);
INSERT INTO "order_items" ("id","order_id","product_id","quantity","unit_price") VALUES(146,126,109,2,50);
INSERT INTO "order_items" ("id","order_id","product_id","quantity","unit_price") VALUES(147,128,106,2,200);
INSERT INTO "order_items" ("id","order_id","product_id","quantity","unit_price") VALUES(148,128,109,2,50);
INSERT INTO "order_items" ("id","order_id","product_id","quantity","unit_price") VALUES(149,129,103,2,300);
INSERT INTO "order_items" ("id","order_id","product_id","quantity","unit_price") VALUES(150,129,109,2,50);
INSERT INTO "order_items" ("id","order_id","product_id","quantity","unit_price") VALUES(151,130,112,1,60);
INSERT INTO "order_items" ("id","order_id","product_id","quantity","unit_price") VALUES(152,131,104,1,250);
INSERT INTO "order_items" ("id","order_id","product_id","quantity","unit_price") VALUES(153,131,109,1,50);
INSERT INTO "order_items" ("id","order_id","product_id","quantity","unit_price") VALUES(154,132,107,1,100);
INSERT INTO "order_items" ("id","order_id","product_id","quantity","unit_price") VALUES(155,133,104,1,250);
INSERT INTO "order_items" ("id","order_id","product_id","quantity","unit_price") VALUES(156,133,107,1,100);
INSERT INTO "order_items" ("id","order_id","product_id","quantity","unit_price") VALUES(157,134,107,4,100);
INSERT INTO "order_items" ("id","order_id","product_id","quantity","unit_price") VALUES(159,135,103,1,300);
INSERT INTO "order_items" ("id","order_id","product_id","quantity","unit_price") VALUES(160,135,112,1,60);
INSERT INTO "order_items" ("id","order_id","product_id","quantity","unit_price") VALUES(161,137,104,2,250);
INSERT INTO "order_items" ("id","order_id","product_id","quantity","unit_price") VALUES(162,137,112,2,60);
INSERT INTO "order_items" ("id","order_id","product_id","quantity","unit_price") VALUES(163,137,109,1,50);
INSERT INTO "order_items" ("id","order_id","product_id","quantity","unit_price") VALUES(164,137,108,1,70);
INSERT INTO "order_items" ("id","order_id","product_id","quantity","unit_price") VALUES(165,138,108,2,70);
INSERT INTO "order_items" ("id","order_id","product_id","quantity","unit_price") VALUES(166,138,106,2,200);
INSERT INTO "order_items" ("id","order_id","product_id","quantity","unit_price") VALUES(167,138,112,1,60);
INSERT INTO "order_items" ("id","order_id","product_id","quantity","unit_price") VALUES(168,138,116,1,120);
INSERT INTO "order_items" ("id","order_id","product_id","quantity","unit_price") VALUES(169,138,117,1,120);
INSERT INTO "order_items" ("id","order_id","product_id","quantity","unit_price") VALUES(170,138,107,1,100);
INSERT INTO "order_items" ("id","order_id","product_id","quantity","unit_price") VALUES(171,139,103,3,300);
INSERT INTO "order_items" ("id","order_id","product_id","quantity","unit_price") VALUES(172,139,103,1,300);
INSERT INTO "order_items" ("id","order_id","product_id","quantity","unit_price") VALUES(173,140,106,3,200);
INSERT INTO "order_items" ("id","order_id","product_id","quantity","unit_price") VALUES(174,141,106,1,200);
INSERT INTO "order_items" ("id","order_id","product_id","quantity","unit_price") VALUES(175,138,111,1,20);
INSERT INTO "order_items" ("id","order_id","product_id","quantity","unit_price") VALUES(176,142,103,3,300);
INSERT INTO "order_items" ("id","order_id","product_id","quantity","unit_price") VALUES(177,141,112,1,60);
INSERT INTO "order_items" ("id","order_id","product_id","quantity","unit_price") VALUES(178,143,103,3,300);
INSERT INTO "order_items" ("id","order_id","product_id","quantity","unit_price") VALUES(179,143,108,3,70);
INSERT INTO "order_items" ("id","order_id","product_id","quantity","unit_price") VALUES(180,144,104,1,250);
INSERT INTO "order_items" ("id","order_id","product_id","quantity","unit_price") VALUES(181,144,112,1,60);
INSERT INTO "order_items" ("id","order_id","product_id","quantity","unit_price") VALUES(182,145,107,1,100);
INSERT INTO "order_items" ("id","order_id","product_id","quantity","unit_price") VALUES(183,146,104,1,250);
INSERT INTO "order_items" ("id","order_id","product_id","quantity","unit_price") VALUES(184,146,109,1,50);
INSERT INTO "order_items" ("id","order_id","product_id","quantity","unit_price") VALUES(185,147,103,2,300);
INSERT INTO "order_items" ("id","order_id","product_id","quantity","unit_price") VALUES(186,147,106,1,200);
INSERT INTO "order_items" ("id","order_id","product_id","quantity","unit_price") VALUES(187,147,108,3,70);
INSERT INTO "order_items" ("id","order_id","product_id","quantity","unit_price") VALUES(189,150,103,2,300);
INSERT INTO "order_items" ("id","order_id","product_id","quantity","unit_price") VALUES(190,151,106,2,200);
INSERT INTO "order_items" ("id","order_id","product_id","quantity","unit_price") VALUES(191,152,105,2,200);
INSERT INTO "order_items" ("id","order_id","product_id","quantity","unit_price") VALUES(192,153,105,1,200);
INSERT INTO "order_items" ("id","order_id","product_id","quantity","unit_price") VALUES(193,154,105,1,200);
INSERT INTO "order_items" ("id","order_id","product_id","quantity","unit_price") VALUES(194,153,111,1,20);
INSERT INTO "order_items" ("id","order_id","product_id","quantity","unit_price") VALUES(195,155,104,4,250);
INSERT INTO "order_items" ("id","order_id","product_id","quantity","unit_price") VALUES(196,155,103,1,300);
INSERT INTO "order_items" ("id","order_id","product_id","quantity","unit_price") VALUES(197,156,106,2,200);
INSERT INTO "order_items" ("id","order_id","product_id","quantity","unit_price") VALUES(199,157,103,5,300);
INSERT INTO "order_items" ("id","order_id","product_id","quantity","unit_price") VALUES(201,157,107,1,100);
INSERT INTO "order_items" ("id","order_id","product_id","quantity","unit_price") VALUES(202,158,103,1,300);
INSERT INTO "order_items" ("id","order_id","product_id","quantity","unit_price") VALUES(203,159,103,1,300);
INSERT INTO "order_items" ("id","order_id","product_id","quantity","unit_price") VALUES(204,160,106,1,200);
INSERT INTO "order_items" ("id","order_id","product_id","quantity","unit_price") VALUES(205,161,104,1,250);
INSERT INTO "order_items" ("id","order_id","product_id","quantity","unit_price") VALUES(206,162,119,2,350);
INSERT INTO "order_items" ("id","order_id","product_id","quantity","unit_price") VALUES(207,163,103,1,300);
INSERT INTO "order_items" ("id","order_id","product_id","quantity","unit_price") VALUES(208,163,113,1,150);
INSERT INTO "order_items" ("id","order_id","product_id","quantity","unit_price") VALUES(209,163,107,2,100);
INSERT INTO "order_items" ("id","order_id","product_id","quantity","unit_price") VALUES(210,164,107,1,100);
INSERT INTO "order_items" ("id","order_id","product_id","quantity","unit_price") VALUES(211,167,107,2,100);
INSERT INTO "order_items" ("id","order_id","product_id","quantity","unit_price") VALUES(212,168,103,1,300);
INSERT INTO "order_items" ("id","order_id","product_id","quantity","unit_price") VALUES(213,169,107,2,100);
INSERT INTO "order_items" ("id","order_id","product_id","quantity","unit_price") VALUES(214,170,104,1,250);
INSERT INTO "order_items" ("id","order_id","product_id","quantity","unit_price") VALUES(215,167,108,1,70);
INSERT INTO "order_items" ("id","order_id","product_id","quantity","unit_price") VALUES(216,171,103,1,300);
INSERT INTO "order_items" ("id","order_id","product_id","quantity","unit_price") VALUES(217,171,112,1,60);
INSERT INTO "order_items" ("id","order_id","product_id","quantity","unit_price") VALUES(218,172,107,1,100);
INSERT INTO "order_items" ("id","order_id","product_id","quantity","unit_price") VALUES(219,167,111,1,20);
INSERT INTO "order_items" ("id","order_id","product_id","quantity","unit_price") VALUES(220,173,107,2,100);
INSERT INTO "order_items" ("id","order_id","product_id","quantity","unit_price") VALUES(221,171,108,1,70);
INSERT INTO "order_items" ("id","order_id","product_id","quantity","unit_price") VALUES(222,174,103,2,300);
INSERT INTO "order_items" ("id","order_id","product_id","quantity","unit_price") VALUES(223,174,116,1,120);
INSERT INTO "order_items" ("id","order_id","product_id","quantity","unit_price") VALUES(224,175,103,1,300);
INSERT INTO "order_items" ("id","order_id","product_id","quantity","unit_price") VALUES(225,175,104,1,250);
INSERT INTO "order_items" ("id","order_id","product_id","quantity","unit_price") VALUES(226,176,106,1,200);
INSERT INTO "order_items" ("id","order_id","product_id","quantity","unit_price") VALUES(227,176,107,1,100);
INSERT INTO "order_items" ("id","order_id","product_id","quantity","unit_price") VALUES(228,176,109,1,50);
INSERT INTO "order_items" ("id","order_id","product_id","quantity","unit_price") VALUES(229,177,108,2,70);
INSERT INTO "order_items" ("id","order_id","product_id","quantity","unit_price") VALUES(230,177,103,1,300);
INSERT INTO "order_items" ("id","order_id","product_id","quantity","unit_price") VALUES(231,177,104,1,250);
INSERT INTO "order_items" ("id","order_id","product_id","quantity","unit_price") VALUES(232,178,103,1,300);
INSERT INTO "order_items" ("id","order_id","product_id","quantity","unit_price") VALUES(233,179,106,1,200);
INSERT INTO "order_items" ("id","order_id","product_id","quantity","unit_price") VALUES(234,179,105,1,200);
INSERT INTO "order_items" ("id","order_id","product_id","quantity","unit_price") VALUES(235,179,112,1,60);
INSERT INTO "order_items" ("id","order_id","product_id","quantity","unit_price") VALUES(236,179,108,2,70);
INSERT INTO "order_items" ("id","order_id","product_id","quantity","unit_price") VALUES(238,180,104,1,250);
INSERT INTO "order_items" ("id","order_id","product_id","quantity","unit_price") VALUES(240,178,108,1,70);
INSERT INTO "order_items" ("id","order_id","product_id","quantity","unit_price") VALUES(241,180,108,1,70);
INSERT INTO "order_items" ("id","order_id","product_id","quantity","unit_price") VALUES(242,181,106,3,200);
INSERT INTO "order_items" ("id","order_id","product_id","quantity","unit_price") VALUES(243,181,107,1,100);
INSERT INTO "order_items" ("id","order_id","product_id","quantity","unit_price") VALUES(244,181,112,2,60);
INSERT INTO "order_items" ("id","order_id","product_id","quantity","unit_price") VALUES(245,182,103,3,300);
INSERT INTO "order_items" ("id","order_id","product_id","quantity","unit_price") VALUES(246,182,113,2,150);
INSERT INTO "order_items" ("id","order_id","product_id","quantity","unit_price") VALUES(247,184,103,1,300);
INSERT INTO "order_items" ("id","order_id","product_id","quantity","unit_price") VALUES(248,184,113,1,150);
INSERT INTO "order_items" ("id","order_id","product_id","quantity","unit_price") VALUES(249,184,112,2,60);
INSERT INTO "order_items" ("id","order_id","product_id","quantity","unit_price") VALUES(250,184,106,1,200);
INSERT INTO "order_items" ("id","order_id","product_id","quantity","unit_price") VALUES(251,185,103,2,300);
INSERT INTO "order_items" ("id","order_id","product_id","quantity","unit_price") VALUES(252,186,104,1,250);
INSERT INTO "order_items" ("id","order_id","product_id","quantity","unit_price") VALUES(253,186,114,1,40);
INSERT INTO "order_items" ("id","order_id","product_id","quantity","unit_price") VALUES(255,185,108,2,70);
INSERT INTO "order_items" ("id","order_id","product_id","quantity","unit_price") VALUES(256,186,108,1,70);
INSERT INTO "order_items" ("id","order_id","product_id","quantity","unit_price") VALUES(257,188,107,1,100);
INSERT INTO "order_items" ("id","order_id","product_id","quantity","unit_price") VALUES(258,188,106,1,200);
INSERT INTO "order_items" ("id","order_id","product_id","quantity","unit_price") VALUES(259,189,104,1,250);
INSERT INTO "order_items" ("id","order_id","product_id","quantity","unit_price") VALUES(260,190,103,3,300);
INSERT INTO "order_items" ("id","order_id","product_id","quantity","unit_price") VALUES(261,190,104,1,250);
INSERT INTO "order_items" ("id","order_id","product_id","quantity","unit_price") VALUES(262,190,108,1,70);
INSERT INTO "order_items" ("id","order_id","product_id","quantity","unit_price") VALUES(263,191,103,4,300);
INSERT INTO "order_items" ("id","order_id","product_id","quantity","unit_price") VALUES(264,191,110,1,50);
INSERT INTO "order_items" ("id","order_id","product_id","quantity","unit_price") VALUES(265,192,107,1,100);
INSERT INTO "order_items" ("id","order_id","product_id","quantity","unit_price") VALUES(266,193,107,1,100);
INSERT INTO "order_items" ("id","order_id","product_id","quantity","unit_price") VALUES(267,193,109,1,50);
INSERT INTO "order_items" ("id","order_id","product_id","quantity","unit_price") VALUES(268,194,107,2,100);
INSERT INTO "order_items" ("id","order_id","product_id","quantity","unit_price") VALUES(269,196,106,1,200);
INSERT INTO "order_items" ("id","order_id","product_id","quantity","unit_price") VALUES(270,196,104,1,250);
INSERT INTO "order_items" ("id","order_id","product_id","quantity","unit_price") VALUES(271,196,108,2,70);
INSERT INTO "order_items" ("id","order_id","product_id","quantity","unit_price") VALUES(272,189,109,1,50);
INSERT INTO "order_items" ("id","order_id","product_id","quantity","unit_price") VALUES(273,189,107,1,100);
INSERT INTO "order_items" ("id","order_id","product_id","quantity","unit_price") VALUES(274,196,112,1,60);
INSERT INTO "order_items" ("id","order_id","product_id","quantity","unit_price") VALUES(275,197,116,1,120);
INSERT INTO "order_items" ("id","order_id","product_id","quantity","unit_price") VALUES(276,198,103,1,300);
INSERT INTO "order_items" ("id","order_id","product_id","quantity","unit_price") VALUES(277,198,108,1,70);
INSERT INTO "order_items" ("id","order_id","product_id","quantity","unit_price") VALUES(278,199,104,2,250);
INSERT INTO "order_items" ("id","order_id","product_id","quantity","unit_price") VALUES(279,200,104,1,250);
INSERT INTO "order_items" ("id","order_id","product_id","quantity","unit_price") VALUES(280,200,109,1,50);
INSERT INTO "order_items" ("id","order_id","product_id","quantity","unit_price") VALUES(281,201,103,3,300);
INSERT INTO "order_items" ("id","order_id","product_id","quantity","unit_price") VALUES(282,201,108,3,70);
INSERT INTO "order_items" ("id","order_id","product_id","quantity","unit_price") VALUES(283,202,103,1,300);
INSERT INTO "order_items" ("id","order_id","product_id","quantity","unit_price") VALUES(284,202,112,1,60);
INSERT INTO "order_items" ("id","order_id","product_id","quantity","unit_price") VALUES(285,203,106,1,200);
INSERT INTO "order_items" ("id","order_id","product_id","quantity","unit_price") VALUES(286,203,108,1,70);
INSERT INTO "order_items" ("id","order_id","product_id","quantity","unit_price") VALUES(287,204,103,2,300);
INSERT INTO "order_items" ("id","order_id","product_id","quantity","unit_price") VALUES(288,204,107,2,100);
INSERT INTO "order_items" ("id","order_id","product_id","quantity","unit_price") VALUES(289,205,106,1,200);
INSERT INTO "order_items" ("id","order_id","product_id","quantity","unit_price") VALUES(290,205,103,1,300);
INSERT INTO "order_items" ("id","order_id","product_id","quantity","unit_price") VALUES(291,204,108,2,70);
INSERT INTO "order_items" ("id","order_id","product_id","quantity","unit_price") VALUES(292,205,108,1,70);
INSERT INTO "order_items" ("id","order_id","product_id","quantity","unit_price") VALUES(293,204,106,1,200);
INSERT INTO "order_items" ("id","order_id","product_id","quantity","unit_price") VALUES(294,204,111,3,20);
INSERT INTO "order_items" ("id","order_id","product_id","quantity","unit_price") VALUES(297,207,107,1,100);
INSERT INTO "order_items" ("id","order_id","product_id","quantity","unit_price") VALUES(298,207,105,2,200);
INSERT INTO "order_items" ("id","order_id","product_id","quantity","unit_price") VALUES(299,207,108,2,70);
INSERT INTO "order_items" ("id","order_id","product_id","quantity","unit_price") VALUES(300,207,117,1,120);
INSERT INTO "order_items" ("id","order_id","product_id","quantity","unit_price") VALUES(301,208,106,1,200);
INSERT INTO "order_items" ("id","order_id","product_id","quantity","unit_price") VALUES(302,209,103,1,300);
INSERT INTO "order_items" ("id","order_id","product_id","quantity","unit_price") VALUES(303,210,105,1,200);
INSERT INTO "order_items" ("id","order_id","product_id","quantity","unit_price") VALUES(304,210,108,1,70);
INSERT INTO "order_items" ("id","order_id","product_id","quantity","unit_price") VALUES(305,211,106,1,200);
INSERT INTO "order_items" ("id","order_id","product_id","quantity","unit_price") VALUES(306,211,109,1,50);
INSERT INTO "order_items" ("id","order_id","product_id","quantity","unit_price") VALUES(307,212,104,2,250);
INSERT INTO "order_items" ("id","order_id","product_id","quantity","unit_price") VALUES(308,212,112,1,60);
INSERT INTO "order_items" ("id","order_id","product_id","quantity","unit_price") VALUES(309,213,103,1,300);
INSERT INTO "order_items" ("id","order_id","product_id","quantity","unit_price") VALUES(310,213,106,1,200);
INSERT INTO "order_items" ("id","order_id","product_id","quantity","unit_price") VALUES(311,213,112,1,60);
INSERT INTO "order_items" ("id","order_id","product_id","quantity","unit_price") VALUES(312,213,108,1,70);
INSERT INTO "order_items" ("id","order_id","product_id","quantity","unit_price") VALUES(313,214,103,1,300);
INSERT INTO "order_items" ("id","order_id","product_id","quantity","unit_price") VALUES(315,216,107,1,100);
INSERT INTO "order_items" ("id","order_id","product_id","quantity","unit_price") VALUES(316,216,112,1,60);
INSERT INTO "order_items" ("id","order_id","product_id","quantity","unit_price") VALUES(317,217,112,1,60);
INSERT INTO "order_items" ("id","order_id","product_id","quantity","unit_price") VALUES(318,217,106,1,200);
INSERT INTO "order_items" ("id","order_id","product_id","quantity","unit_price") VALUES(319,217,108,1,70);
INSERT INTO "order_items" ("id","order_id","product_id","quantity","unit_price") VALUES(320,218,108,1,70);
INSERT INTO "order_items" ("id","order_id","product_id","quantity","unit_price") VALUES(321,218,106,1,200);
INSERT INTO "order_items" ("id","order_id","product_id","quantity","unit_price") VALUES(322,218,112,1,60);
INSERT INTO "order_items" ("id","order_id","product_id","quantity","unit_price") VALUES(323,219,103,3,300);
INSERT INTO "order_items" ("id","order_id","product_id","quantity","unit_price") VALUES(324,220,103,3,300);
INSERT INTO "order_items" ("id","order_id","product_id","quantity","unit_price") VALUES(325,220,104,3,250);
INSERT INTO "order_items" ("id","order_id","product_id","quantity","unit_price") VALUES(326,221,118,2,350);
INSERT INTO "order_items" ("id","order_id","product_id","quantity","unit_price") VALUES(327,221,112,1,60);
INSERT INTO "order_items" ("id","order_id","product_id","quantity","unit_price") VALUES(328,221,120,1,100);
INSERT INTO "order_items" ("id","order_id","product_id","quantity","unit_price") VALUES(329,222,103,1,300);
INSERT INTO "order_items" ("id","order_id","product_id","quantity","unit_price") VALUES(330,223,104,2,250);
INSERT INTO "order_items" ("id","order_id","product_id","quantity","unit_price") VALUES(331,224,103,1,300);
INSERT INTO "order_items" ("id","order_id","product_id","quantity","unit_price") VALUES(332,224,108,1,70);
INSERT INTO "order_items" ("id","order_id","product_id","quantity","unit_price") VALUES(333,224,111,1,20);
INSERT INTO "order_items" ("id","order_id","product_id","quantity","unit_price") VALUES(336,225,108,1,70);
INSERT INTO "order_items" ("id","order_id","product_id","quantity","unit_price") VALUES(337,225,103,2,300);
INSERT INTO "order_items" ("id","order_id","product_id","quantity","unit_price") VALUES(338,226,103,2,300);
INSERT INTO "order_items" ("id","order_id","product_id","quantity","unit_price") VALUES(339,226,108,2,70);
INSERT INTO "order_items" ("id","order_id","product_id","quantity","unit_price") VALUES(340,227,103,1,300);
INSERT INTO "order_items" ("id","order_id","product_id","quantity","unit_price") VALUES(341,228,106,4,200);
INSERT INTO "order_items" ("id","order_id","product_id","quantity","unit_price") VALUES(342,228,120,1,100);
INSERT INTO "order_items" ("id","order_id","product_id","quantity","unit_price") VALUES(343,230,120,1,100);
INSERT INTO "order_items" ("id","order_id","product_id","quantity","unit_price") VALUES(344,230,103,4,300);
INSERT INTO "order_items" ("id","order_id","product_id","quantity","unit_price") VALUES(345,231,104,2,250);
INSERT INTO "order_items" ("id","order_id","product_id","quantity","unit_price") VALUES(346,231,109,2,50);
INSERT INTO "order_items" ("id","order_id","product_id","quantity","unit_price") VALUES(348,233,103,2,300);
INSERT INTO "order_items" ("id","order_id","product_id","quantity","unit_price") VALUES(349,233,108,2,70);
INSERT INTO "order_items" ("id","order_id","product_id","quantity","unit_price") VALUES(350,234,103,1,300);
INSERT INTO "order_items" ("id","order_id","product_id","quantity","unit_price") VALUES(351,234,112,1,60);
INSERT INTO "order_items" ("id","order_id","product_id","quantity","unit_price") VALUES(353,234,108,2,70);
INSERT INTO "order_items" ("id","order_id","product_id","quantity","unit_price") VALUES(354,235,103,2,300);
INSERT INTO "order_items" ("id","order_id","product_id","quantity","unit_price") VALUES(355,236,103,2,300);
INSERT INTO "order_items" ("id","order_id","product_id","quantity","unit_price") VALUES(356,236,110,2,50);
INSERT INTO "order_items" ("id","order_id","product_id","quantity","unit_price") VALUES(357,237,108,1,70);
INSERT INTO "order_items" ("id","order_id","product_id","quantity","unit_price") VALUES(358,237,107,1,100);
INSERT INTO "order_items" ("id","order_id","product_id","quantity","unit_price") VALUES(359,237,104,1,250);
INSERT INTO "order_items" ("id","order_id","product_id","quantity","unit_price") VALUES(360,238,116,2,120);
INSERT INTO "order_items" ("id","order_id","product_id","quantity","unit_price") VALUES(361,238,106,4,200);
INSERT INTO "order_items" ("id","order_id","product_id","quantity","unit_price") VALUES(363,239,107,2,100);
INSERT INTO "order_items" ("id","order_id","product_id","quantity","unit_price") VALUES(364,239,111,1,20);
INSERT INTO "order_items" ("id","order_id","product_id","quantity","unit_price") VALUES(365,240,103,1,300);
INSERT INTO "order_items" ("id","order_id","product_id","quantity","unit_price") VALUES(366,240,106,1,200);
INSERT INTO "order_items" ("id","order_id","product_id","quantity","unit_price") VALUES(367,241,103,3,300);
INSERT INTO "order_items" ("id","order_id","product_id","quantity","unit_price") VALUES(369,241,107,1,100);
INSERT INTO "order_items" ("id","order_id","product_id","quantity","unit_price") VALUES(370,241,109,2,50);
INSERT INTO "order_items" ("id","order_id","product_id","quantity","unit_price") VALUES(371,241,108,1,70);
INSERT INTO "order_items" ("id","order_id","product_id","quantity","unit_price") VALUES(372,242,107,5,100);
INSERT INTO "order_items" ("id","order_id","product_id","quantity","unit_price") VALUES(373,242,106,1,200);
INSERT INTO "order_items" ("id","order_id","product_id","quantity","unit_price") VALUES(374,242,112,1,60);
INSERT INTO "order_items" ("id","order_id","product_id","quantity","unit_price") VALUES(375,242,108,1,70);
INSERT INTO "order_items" ("id","order_id","product_id","quantity","unit_price") VALUES(376,242,109,1,50);
INSERT INTO "order_items" ("id","order_id","product_id","quantity","unit_price") VALUES(377,242,111,2,20);
INSERT INTO "order_items" ("id","order_id","product_id","quantity","unit_price") VALUES(378,243,108,2,70);
INSERT INTO "order_items" ("id","order_id","product_id","quantity","unit_price") VALUES(379,243,106,1,200);
INSERT INTO "order_items" ("id","order_id","product_id","quantity","unit_price") VALUES(380,243,103,1,300);
INSERT INTO "order_items" ("id","order_id","product_id","quantity","unit_price") VALUES(381,244,103,1,300);
INSERT INTO "order_items" ("id","order_id","product_id","quantity","unit_price") VALUES(382,244,106,1,200);
INSERT INTO "order_items" ("id","order_id","product_id","quantity","unit_price") VALUES(383,244,104,1,250);
INSERT INTO "order_items" ("id","order_id","product_id","quantity","unit_price") VALUES(384,245,112,2,60);
INSERT INTO "order_items" ("id","order_id","product_id","quantity","unit_price") VALUES(385,246,111,2,20);
INSERT INTO "order_items" ("id","order_id","product_id","quantity","unit_price") VALUES(386,247,103,3,300);
INSERT INTO "order_items" ("id","order_id","product_id","quantity","unit_price") VALUES(387,248,106,2,200);
INSERT INTO "order_items" ("id","order_id","product_id","quantity","unit_price") VALUES(388,249,104,1,250);
INSERT INTO "order_items" ("id","order_id","product_id","quantity","unit_price") VALUES(389,249,103,1,300);
INSERT INTO "order_items" ("id","order_id","product_id","quantity","unit_price") VALUES(390,249,108,2,70);
INSERT INTO "order_items" ("id","order_id","product_id","quantity","unit_price") VALUES(391,250,108,1,70);
INSERT INTO "order_items" ("id","order_id","product_id","quantity","unit_price") VALUES(392,250,111,1,20);
INSERT INTO "order_items" ("id","order_id","product_id","quantity","unit_price") VALUES(393,250,104,3,250);
INSERT INTO "order_items" ("id","order_id","product_id","quantity","unit_price") VALUES(394,250,107,3,100);
INSERT INTO "order_items" ("id","order_id","product_id","quantity","unit_price") VALUES(395,251,103,2,300);
INSERT INTO "order_items" ("id","order_id","product_id","quantity","unit_price") VALUES(396,252,103,3,300);
INSERT INTO "order_items" ("id","order_id","product_id","quantity","unit_price") VALUES(397,252,120,1,100);
INSERT INTO "order_items" ("id","order_id","product_id","quantity","unit_price") VALUES(398,251,109,2,50);
INSERT INTO "order_items" ("id","order_id","product_id","quantity","unit_price") VALUES(399,253,120,1,100);
INSERT INTO "order_items" ("id","order_id","product_id","quantity","unit_price") VALUES(400,253,103,1,300);
INSERT INTO "order_items" ("id","order_id","product_id","quantity","unit_price") VALUES(401,254,107,2,100);
INSERT INTO "order_items" ("id","order_id","product_id","quantity","unit_price") VALUES(402,254,111,1,20);
INSERT INTO "order_items" ("id","order_id","product_id","quantity","unit_price") VALUES(403,255,104,2,250);
INSERT INTO "order_items" ("id","order_id","product_id","quantity","unit_price") VALUES(404,256,103,1,300);
INSERT INTO "order_items" ("id","order_id","product_id","quantity","unit_price") VALUES(405,256,109,1,50);
INSERT INTO "order_items" ("id","order_id","product_id","quantity","unit_price") VALUES(407,257,109,1,50);
INSERT INTO "order_items" ("id","order_id","product_id","quantity","unit_price") VALUES(408,257,104,2,250);
INSERT INTO "order_items" ("id","order_id","product_id","quantity","unit_price") VALUES(409,258,103,2,300);
INSERT INTO "order_items" ("id","order_id","product_id","quantity","unit_price") VALUES(410,258,107,2,100);
INSERT INTO "order_items" ("id","order_id","product_id","quantity","unit_price") VALUES(411,258,109,1,50);
INSERT INTO "order_items" ("id","order_id","product_id","quantity","unit_price") VALUES(412,258,108,1,70);
INSERT INTO "order_items" ("id","order_id","product_id","quantity","unit_price") VALUES(413,259,103,1,300);
INSERT INTO "order_items" ("id","order_id","product_id","quantity","unit_price") VALUES(414,260,106,2,200);
INSERT INTO "order_items" ("id","order_id","product_id","quantity","unit_price") VALUES(415,261,106,1,200);
INSERT INTO "order_items" ("id","order_id","product_id","quantity","unit_price") VALUES(416,261,103,1,300);
INSERT INTO "order_items" ("id","order_id","product_id","quantity","unit_price") VALUES(417,262,106,1,200);
INSERT INTO "order_items" ("id","order_id","product_id","quantity","unit_price") VALUES(418,263,104,1,250);
INSERT INTO "order_items" ("id","order_id","product_id","quantity","unit_price") VALUES(419,264,103,2,300);
INSERT INTO "order_items" ("id","order_id","product_id","quantity","unit_price") VALUES(420,265,104,2,250);
INSERT INTO "order_items" ("id","order_id","product_id","quantity","unit_price") VALUES(421,264,109,1,50);
INSERT INTO "order_items" ("id","order_id","product_id","quantity","unit_price") VALUES(422,264,108,1,70);
INSERT INTO "order_items" ("id","order_id","product_id","quantity","unit_price") VALUES(423,266,103,2,300);
INSERT INTO "order_items" ("id","order_id","product_id","quantity","unit_price") VALUES(424,266,107,2,100);
INSERT INTO "order_items" ("id","order_id","product_id","quantity","unit_price") VALUES(425,266,108,2,70);
INSERT INTO "order_items" ("id","order_id","product_id","quantity","unit_price") VALUES(426,267,103,2,300);
INSERT INTO "order_items" ("id","order_id","product_id","quantity","unit_price") VALUES(427,267,104,1,250);
INSERT INTO "order_items" ("id","order_id","product_id","quantity","unit_price") VALUES(428,267,106,1,200);
INSERT INTO "order_items" ("id","order_id","product_id","quantity","unit_price") VALUES(429,268,107,1,100);
INSERT INTO "order_items" ("id","order_id","product_id","quantity","unit_price") VALUES(430,268,109,1,50);
INSERT INTO "order_items" ("id","order_id","product_id","quantity","unit_price") VALUES(431,269,107,1,100);
INSERT INTO "order_items" ("id","order_id","product_id","quantity","unit_price") VALUES(432,270,106,1,200);
INSERT INTO "order_items" ("id","order_id","product_id","quantity","unit_price") VALUES(433,270,108,1,70);
INSERT INTO "order_items" ("id","order_id","product_id","quantity","unit_price") VALUES(434,271,104,1,250);
INSERT INTO "order_items" ("id","order_id","product_id","quantity","unit_price") VALUES(435,271,108,1,70);
INSERT INTO "order_items" ("id","order_id","product_id","quantity","unit_price") VALUES(436,272,103,2,300);
INSERT INTO "order_items" ("id","order_id","product_id","quantity","unit_price") VALUES(437,273,111,1,20);
INSERT INTO "order_items" ("id","order_id","product_id","quantity","unit_price") VALUES(438,274,108,2,70);
INSERT INTO "order_items" ("id","order_id","product_id","quantity","unit_price") VALUES(439,274,111,2,20);
INSERT INTO "order_items" ("id","order_id","product_id","quantity","unit_price") VALUES(441,276,107,4,100);
INSERT INTO "order_items" ("id","order_id","product_id","quantity","unit_price") VALUES(442,276,111,1,20);
INSERT INTO "order_items" ("id","order_id","product_id","quantity","unit_price") VALUES(443,276,109,1,50);
INSERT INTO "order_items" ("id","order_id","product_id","quantity","unit_price") VALUES(444,277,103,1,300);
INSERT INTO "order_items" ("id","order_id","product_id","quantity","unit_price") VALUES(446,278,106,2,200);
INSERT INTO "order_items" ("id","order_id","product_id","quantity","unit_price") VALUES(447,278,109,1,50);
INSERT INTO "order_items" ("id","order_id","product_id","quantity","unit_price") VALUES(448,279,121,3,150);
INSERT INTO "order_items" ("id","order_id","product_id","quantity","unit_price") VALUES(449,280,104,2,250);
INSERT INTO "order_items" ("id","order_id","product_id","quantity","unit_price") VALUES(450,280,107,1,100);
INSERT INTO "order_items" ("id","order_id","product_id","quantity","unit_price") VALUES(451,280,109,2,50);
INSERT INTO "order_items" ("id","order_id","product_id","quantity","unit_price") VALUES(452,280,111,3,20);
INSERT INTO "order_items" ("id","order_id","product_id","quantity","unit_price") VALUES(453,281,107,4,100);
INSERT INTO "order_items" ("id","order_id","product_id","quantity","unit_price") VALUES(454,282,106,2,200);
INSERT INTO "order_items" ("id","order_id","product_id","quantity","unit_price") VALUES(455,282,106,1,200);
INSERT INTO "order_items" ("id","order_id","product_id","quantity","unit_price") VALUES(456,282,107,2,100);
INSERT INTO "order_items" ("id","order_id","product_id","quantity","unit_price") VALUES(457,282,112,1,60);
INSERT INTO "order_items" ("id","order_id","product_id","quantity","unit_price") VALUES(458,284,103,1,300);
INSERT INTO "order_items" ("id","order_id","product_id","quantity","unit_price") VALUES(459,284,108,1,70);
INSERT INTO "order_items" ("id","order_id","product_id","quantity","unit_price") VALUES(460,284,112,2,60);
INSERT INTO "order_items" ("id","order_id","product_id","quantity","unit_price") VALUES(461,284,106,1,200);
INSERT INTO "order_items" ("id","order_id","product_id","quantity","unit_price") VALUES(462,285,104,1,250);
INSERT INTO "order_items" ("id","order_id","product_id","quantity","unit_price") VALUES(463,285,109,1,50);
INSERT INTO "order_items" ("id","order_id","product_id","quantity","unit_price") VALUES(464,286,107,1,100);
INSERT INTO "order_items" ("id","order_id","product_id","quantity","unit_price") VALUES(465,287,103,6,300);
INSERT INTO "order_items" ("id","order_id","product_id","quantity","unit_price") VALUES(466,288,108,1,70);
INSERT INTO "order_items" ("id","order_id","product_id","quantity","unit_price") VALUES(467,289,104,2,250);
INSERT INTO "order_items" ("id","order_id","product_id","quantity","unit_price") VALUES(470,291,107,4,100);
INSERT INTO "order_items" ("id","order_id","product_id","quantity","unit_price") VALUES(471,291,109,1,50);
INSERT INTO "order_items" ("id","order_id","product_id","quantity","unit_price") VALUES(472,292,104,3,250);
INSERT INTO "order_items" ("id","order_id","product_id","quantity","unit_price") VALUES(474,293,106,2,200);
INSERT INTO "order_items" ("id","order_id","product_id","quantity","unit_price") VALUES(475,294,104,4,250);
INSERT INTO "order_items" ("id","order_id","product_id","quantity","unit_price") VALUES(476,294,103,1,300);
INSERT INTO "order_items" ("id","order_id","product_id","quantity","unit_price") VALUES(477,295,116,1,120);
INSERT INTO "order_items" ("id","order_id","product_id","quantity","unit_price") VALUES(478,295,106,1,200);
INSERT INTO "order_items" ("id","order_id","product_id","quantity","unit_price") VALUES(479,295,112,2,60);
INSERT INTO "order_items" ("id","order_id","product_id","quantity","unit_price") VALUES(480,295,108,1,70);
INSERT INTO "order_items" ("id","order_id","product_id","quantity","unit_price") VALUES(481,293,103,5,300);
INSERT INTO "order_items" ("id","order_id","product_id","quantity","unit_price") VALUES(482,296,103,1,300);
INSERT INTO "order_items" ("id","order_id","product_id","quantity","unit_price") VALUES(483,297,107,1,100);
INSERT INTO "order_items" ("id","order_id","product_id","quantity","unit_price") VALUES(484,298,103,2,300);
INSERT INTO "order_items" ("id","order_id","product_id","quantity","unit_price") VALUES(485,299,103,2,300);
INSERT INTO "order_items" ("id","order_id","product_id","quantity","unit_price") VALUES(487,299,107,1,100);
INSERT INTO "order_items" ("id","order_id","product_id","quantity","unit_price") VALUES(488,300,103,3,300);
INSERT INTO "order_items" ("id","order_id","product_id","quantity","unit_price") VALUES(489,300,120,1,100);
INSERT INTO "order_items" ("id","order_id","product_id","quantity","unit_price") VALUES(490,301,103,1,300);
INSERT INTO "order_items" ("id","order_id","product_id","quantity","unit_price") VALUES(491,301,109,1,50);
INSERT INTO "order_items" ("id","order_id","product_id","quantity","unit_price") VALUES(492,302,106,1,200);
INSERT INTO "order_items" ("id","order_id","product_id","quantity","unit_price") VALUES(493,302,107,4,100);
INSERT INTO "order_items" ("id","order_id","product_id","quantity","unit_price") VALUES(494,302,109,1,50);
INSERT INTO "order_items" ("id","order_id","product_id","quantity","unit_price") VALUES(495,302,111,1,20);
INSERT INTO "order_items" ("id","order_id","product_id","quantity","unit_price") VALUES(496,303,106,1,200);
INSERT INTO "order_items" ("id","order_id","product_id","quantity","unit_price") VALUES(497,303,107,1,100);
INSERT INTO "order_items" ("id","order_id","product_id","quantity","unit_price") VALUES(498,304,104,1,250);
INSERT INTO "order_items" ("id","order_id","product_id","quantity","unit_price") VALUES(499,304,108,1,70);
INSERT INTO "order_items" ("id","order_id","product_id","quantity","unit_price") VALUES(500,305,108,1,70);
INSERT INTO "order_items" ("id","order_id","product_id","quantity","unit_price") VALUES(501,305,104,1,250);
INSERT INTO "order_items" ("id","order_id","product_id","quantity","unit_price") VALUES(504,309,123,1,430);
INSERT INTO "order_items" ("id","order_id","product_id","quantity","unit_price") VALUES(505,310,103,1,300);
INSERT INTO "order_items" ("id","order_id","product_id","quantity","unit_price") VALUES(508,310,106,1,200);
INSERT INTO "order_items" ("id","order_id","product_id","quantity","unit_price") VALUES(509,311,107,1,100);
INSERT INTO "order_items" ("id","order_id","product_id","quantity","unit_price") VALUES(510,311,108,2,70);
INSERT INTO "order_items" ("id","order_id","product_id","quantity","unit_price") VALUES(511,312,121,2,150);
INSERT INTO "order_items" ("id","order_id","product_id","quantity","unit_price") VALUES(512,312,121,1,150);
INSERT INTO "order_items" ("id","order_id","product_id","quantity","unit_price") VALUES(513,312,112,2,60);
INSERT INTO "order_items" ("id","order_id","product_id","quantity","unit_price") VALUES(514,312,108,2,70);
INSERT INTO "order_items" ("id","order_id","product_id","quantity","unit_price") VALUES(515,312,108,1,70);
INSERT INTO "order_items" ("id","order_id","product_id","quantity","unit_price") VALUES(516,314,106,2,200);
INSERT INTO "order_items" ("id","order_id","product_id","quantity","unit_price") VALUES(517,314,106,1,200);
INSERT INTO "order_items" ("id","order_id","product_id","quantity","unit_price") VALUES(518,314,120,1,100);
INSERT INTO "order_items" ("id","order_id","product_id","quantity","unit_price") VALUES(519,315,103,5,300);
INSERT INTO "order_items" ("id","order_id","product_id","quantity","unit_price") VALUES(520,315,108,2,70);
INSERT INTO "order_items" ("id","order_id","product_id","quantity","unit_price") VALUES(521,315,108,1,70);
INSERT INTO "order_items" ("id","order_id","product_id","quantity","unit_price") VALUES(522,316,109,1,50);
INSERT INTO "order_items" ("id","order_id","product_id","quantity","unit_price") VALUES(523,316,107,1,100);
INSERT INTO "order_items" ("id","order_id","product_id","quantity","unit_price") VALUES(525,317,106,1,200);
INSERT INTO "order_items" ("id","order_id","product_id","quantity","unit_price") VALUES(526,318,103,2,300);
INSERT INTO "order_items" ("id","order_id","product_id","quantity","unit_price") VALUES(527,319,103,2,300);
INSERT INTO "order_items" ("id","order_id","product_id","quantity","unit_price") VALUES(528,321,103,1,300);
INSERT INTO "order_items" ("id","order_id","product_id","quantity","unit_price") VALUES(529,322,103,2,300);
INSERT INTO "order_items" ("id","order_id","product_id","quantity","unit_price") VALUES(530,323,103,1,300);
INSERT INTO "order_items" ("id","order_id","product_id","quantity","unit_price") VALUES(531,323,108,1,70);
INSERT INTO "order_items" ("id","order_id","product_id","quantity","unit_price") VALUES(533,324,108,1,70);
INSERT INTO "order_items" ("id","order_id","product_id","quantity","unit_price") VALUES(534,324,103,1,300);
INSERT INTO "order_items" ("id","order_id","product_id","quantity","unit_price") VALUES(535,325,108,1,70);
INSERT INTO "order_items" ("id","order_id","product_id","quantity","unit_price") VALUES(539,326,107,1,100);
INSERT INTO "order_items" ("id","order_id","product_id","quantity","unit_price") VALUES(540,326,108,1,70);
INSERT INTO "order_items" ("id","order_id","product_id","quantity","unit_price") VALUES(541,326,109,1,50);
INSERT INTO "order_items" ("id","order_id","product_id","quantity","unit_price") VALUES(542,326,111,1,20);
INSERT INTO "order_items" ("id","order_id","product_id","quantity","unit_price") VALUES(545,326,104,2,250);
INSERT INTO "order_items" ("id","order_id","product_id","quantity","unit_price") VALUES(546,327,103,2,300);
INSERT INTO "order_items" ("id","order_id","product_id","quantity","unit_price") VALUES(547,326,103,1,300);
INSERT INTO "order_items" ("id","order_id","product_id","quantity","unit_price") VALUES(548,329,107,2,100);
INSERT INTO "order_items" ("id","order_id","product_id","quantity","unit_price") VALUES(549,329,112,1,60);
INSERT INTO "order_items" ("id","order_id","product_id","quantity","unit_price") VALUES(550,330,106,4,200);
INSERT INTO "order_items" ("id","order_id","product_id","quantity","unit_price") VALUES(551,330,108,4,70);
INSERT INTO "order_items" ("id","order_id","product_id","quantity","unit_price") VALUES(552,330,112,4,60);
INSERT INTO "order_items" ("id","order_id","product_id","quantity","unit_price") VALUES(553,330,107,3,100);
INSERT INTO "order_items" ("id","order_id","product_id","quantity","unit_price") VALUES(554,330,116,1,120);
INSERT INTO "order_items" ("id","order_id","product_id","quantity","unit_price") VALUES(557,331,118,1,350);
INSERT INTO "order_items" ("id","order_id","product_id","quantity","unit_price") VALUES(558,332,103,3,300);
INSERT INTO "order_items" ("id","order_id","product_id","quantity","unit_price") VALUES(559,332,107,1,100);
INSERT INTO "order_items" ("id","order_id","product_id","quantity","unit_price") VALUES(560,332,108,1,70);
INSERT INTO "order_items" ("id","order_id","product_id","quantity","unit_price") VALUES(561,332,111,3,20);
INSERT INTO "order_items" ("id","order_id","product_id","quantity","unit_price") VALUES(562,332,109,1,50);
INSERT INTO "order_items" ("id","order_id","product_id","quantity","unit_price") VALUES(563,333,104,1,250);
INSERT INTO "order_items" ("id","order_id","product_id","quantity","unit_price") VALUES(564,334,107,2,100);
INSERT INTO "order_items" ("id","order_id","product_id","quantity","unit_price") VALUES(565,334,111,1,20);
INSERT INTO "order_items" ("id","order_id","product_id","quantity","unit_price") VALUES(566,333,111,1,20);
INSERT INTO "order_items" ("id","order_id","product_id","quantity","unit_price") VALUES(568,335,107,2,100);
INSERT INTO "order_items" ("id","order_id","product_id","quantity","unit_price") VALUES(569,335,111,1,20);
INSERT INTO "order_items" ("id","order_id","product_id","quantity","unit_price") VALUES(570,336,106,2,200);
INSERT INTO "order_items" ("id","order_id","product_id","quantity","unit_price") VALUES(571,336,108,2,70);
INSERT INTO "order_items" ("id","order_id","product_id","quantity","unit_price") VALUES(572,337,108,3,70);
INSERT INTO "order_items" ("id","order_id","product_id","quantity","unit_price") VALUES(573,337,108,1,70);
INSERT INTO "order_items" ("id","order_id","product_id","quantity","unit_price") VALUES(574,337,106,4,200);
INSERT INTO "order_items" ("id","order_id","product_id","quantity","unit_price") VALUES(575,337,104,1,250);
INSERT INTO "order_items" ("id","order_id","product_id","quantity","unit_price") VALUES(576,337,112,1,60);
INSERT INTO "order_items" ("id","order_id","product_id","quantity","unit_price") VALUES(577,338,103,2,300);
INSERT INTO "order_items" ("id","order_id","product_id","quantity","unit_price") VALUES(578,338,103,1,300);
INSERT INTO "order_items" ("id","order_id","product_id","quantity","unit_price") VALUES(579,339,122,1,200);
INSERT INTO "order_items" ("id","order_id","product_id","quantity","unit_price") VALUES(580,340,107,2,100);
INSERT INTO "order_items" ("id","order_id","product_id","quantity","unit_price") VALUES(582,341,112,1,60);
INSERT INTO "order_items" ("id","order_id","product_id","quantity","unit_price") VALUES(583,342,122,2,200);
INSERT INTO "order_items" ("id","order_id","product_id","quantity","unit_price") VALUES(584,342,104,2,250);
INSERT INTO "order_items" ("id","order_id","product_id","quantity","unit_price") VALUES(585,343,103,3,300);
INSERT INTO "order_items" ("id","order_id","product_id","quantity","unit_price") VALUES(586,343,104,1,250);
INSERT INTO "order_items" ("id","order_id","product_id","quantity","unit_price") VALUES(587,343,108,2,70);
INSERT INTO "order_items" ("id","order_id","product_id","quantity","unit_price") VALUES(588,344,122,1,200);
INSERT INTO "order_items" ("id","order_id","product_id","quantity","unit_price") VALUES(589,342,108,1,70);
INSERT INTO "order_items" ("id","order_id","product_id","quantity","unit_price") VALUES(590,342,111,2,20);
INSERT INTO "order_items" ("id","order_id","product_id","quantity","unit_price") VALUES(591,345,108,1,70);
INSERT INTO "order_items" ("id","order_id","product_id","quantity","unit_price") VALUES(592,345,104,1,250);
INSERT INTO "order_items" ("id","order_id","product_id","quantity","unit_price") VALUES(593,348,103,1,300);
INSERT INTO "order_items" ("id","order_id","product_id","quantity","unit_price") VALUES(595,349,108,1,70);
INSERT INTO "order_items" ("id","order_id","product_id","quantity","unit_price") VALUES(596,349,103,3,300);
INSERT INTO "order_items" ("id","order_id","product_id","quantity","unit_price") VALUES(597,350,118,2,350);
INSERT INTO "order_items" ("id","order_id","product_id","quantity","unit_price") VALUES(598,350,109,2,50);
INSERT INTO "order_items" ("id","order_id","product_id","quantity","unit_price") VALUES(599,351,106,2,200);
INSERT INTO "order_items" ("id","order_id","product_id","quantity","unit_price") VALUES(600,353,103,1,300);
INSERT INTO "order_items" ("id","order_id","product_id","quantity","unit_price") VALUES(601,353,108,1,70);
INSERT INTO "order_items" ("id","order_id","product_id","quantity","unit_price") VALUES(602,354,105,1,200);
INSERT INTO "order_items" ("id","order_id","product_id","quantity","unit_price") VALUES(603,354,112,1,60);
INSERT INTO "order_items" ("id","order_id","product_id","quantity","unit_price") VALUES(604,355,103,2,300);
INSERT INTO "order_items" ("id","order_id","product_id","quantity","unit_price") VALUES(605,356,106,2,200);
INSERT INTO "order_items" ("id","order_id","product_id","quantity","unit_price") VALUES(606,356,104,1,250);
INSERT INTO "order_items" ("id","order_id","product_id","quantity","unit_price") VALUES(607,356,109,1,50);
INSERT INTO "order_items" ("id","order_id","product_id","quantity","unit_price") VALUES(608,356,108,1,70);
INSERT INTO "order_items" ("id","order_id","product_id","quantity","unit_price") VALUES(609,355,109,1,50);
INSERT INTO "order_items" ("id","order_id","product_id","quantity","unit_price") VALUES(610,355,108,1,70);
INSERT INTO "order_items" ("id","order_id","product_id","quantity","unit_price") VALUES(611,357,108,2,70);
INSERT INTO "order_items" ("id","order_id","product_id","quantity","unit_price") VALUES(612,358,118,1,350);
INSERT INTO "order_items" ("id","order_id","product_id","quantity","unit_price") VALUES(613,358,106,3,200);
INSERT INTO "order_items" ("id","order_id","product_id","quantity","unit_price") VALUES(614,358,112,1,60);
INSERT INTO "order_items" ("id","order_id","product_id","quantity","unit_price") VALUES(615,358,104,1,250);
INSERT INTO "order_items" ("id","order_id","product_id","quantity","unit_price") VALUES(617,359,123,1,430);
INSERT INTO "order_items" ("id","order_id","product_id","quantity","unit_price") VALUES(618,344,118,1,350);
INSERT INTO "order_items" ("id","order_id","product_id","quantity","unit_price") VALUES(619,360,103,1,300);
INSERT INTO "order_items" ("id","order_id","product_id","quantity","unit_price") VALUES(620,361,106,2,200);
INSERT INTO "order_items" ("id","order_id","product_id","quantity","unit_price") VALUES(621,361,106,1,200);
INSERT INTO "order_items" ("id","order_id","product_id","quantity","unit_price") VALUES(622,362,103,1,300);
INSERT INTO "order_items" ("id","order_id","product_id","quantity","unit_price") VALUES(623,362,114,1,40);
INSERT INTO "order_items" ("id","order_id","product_id","quantity","unit_price") VALUES(624,362,108,1,70);
INSERT INTO "order_items" ("id","order_id","product_id","quantity","unit_price") VALUES(625,361,109,2,50);
INSERT INTO "order_items" ("id","order_id","product_id","quantity","unit_price") VALUES(626,344,108,2,70);
INSERT INTO "order_items" ("id","order_id","product_id","quantity","unit_price") VALUES(627,344,111,1,20);
INSERT INTO "order_items" ("id","order_id","product_id","quantity","unit_price") VALUES(628,363,106,1,200);
INSERT INTO "order_items" ("id","order_id","product_id","quantity","unit_price") VALUES(629,363,103,1,300);
INSERT INTO "order_items" ("id","order_id","product_id","quantity","unit_price") VALUES(630,364,103,2,300);
INSERT INTO "order_items" ("id","order_id","product_id","quantity","unit_price") VALUES(631,365,103,2,300);
INSERT INTO "order_items" ("id","order_id","product_id","quantity","unit_price") VALUES(632,366,106,2,200);
INSERT INTO "order_items" ("id","order_id","product_id","quantity","unit_price") VALUES(633,366,107,1,100);
INSERT INTO "order_items" ("id","order_id","product_id","quantity","unit_price") VALUES(634,366,108,2,70);
INSERT INTO "order_items" ("id","order_id","product_id","quantity","unit_price") VALUES(635,366,111,1,20);
INSERT INTO "order_items" ("id","order_id","product_id","quantity","unit_price") VALUES(636,367,122,1,200);
INSERT INTO "order_items" ("id","order_id","product_id","quantity","unit_price") VALUES(637,367,111,1,20);
INSERT INTO "order_items" ("id","order_id","product_id","quantity","unit_price") VALUES(638,368,103,2,300);
INSERT INTO "order_items" ("id","order_id","product_id","quantity","unit_price") VALUES(641,369,109,1,50);
INSERT INTO "order_items" ("id","order_id","product_id","quantity","unit_price") VALUES(642,369,122,1,200);
INSERT INTO "order_items" ("id","order_id","product_id","quantity","unit_price") VALUES(643,370,122,1,200);
INSERT INTO "order_items" ("id","order_id","product_id","quantity","unit_price") VALUES(644,370,109,1,50);
INSERT INTO "order_items" ("id","order_id","product_id","quantity","unit_price") VALUES(645,371,103,1,300);
INSERT INTO "order_items" ("id","order_id","product_id","quantity","unit_price") VALUES(646,371,108,1,70);
INSERT INTO "order_items" ("id","order_id","product_id","quantity","unit_price") VALUES(647,372,110,2,50);
INSERT INTO "order_items" ("id","order_id","product_id","quantity","unit_price") VALUES(648,372,104,2,250);
INSERT INTO "order_items" ("id","order_id","product_id","quantity","unit_price") VALUES(649,373,106,3,200);
INSERT INTO "order_items" ("id","order_id","product_id","quantity","unit_price") VALUES(650,374,122,1,200);
INSERT INTO "order_items" ("id","order_id","product_id","quantity","unit_price") VALUES(651,375,105,1,200);
INSERT INTO "order_items" ("id","order_id","product_id","quantity","unit_price") VALUES(652,376,103,1,300);
INSERT INTO "order_items" ("id","order_id","product_id","quantity","unit_price") VALUES(653,376,108,1,70);
INSERT INTO "order_items" ("id","order_id","product_id","quantity","unit_price") VALUES(654,373,108,3,70);
INSERT INTO "order_items" ("id","order_id","product_id","quantity","unit_price") VALUES(655,377,108,1,70);
INSERT INTO "order_items" ("id","order_id","product_id","quantity","unit_price") VALUES(656,377,103,1,300);
INSERT INTO "order_items" ("id","order_id","product_id","quantity","unit_price") VALUES(657,374,109,1,50);
INSERT INTO "order_items" ("id","order_id","product_id","quantity","unit_price") VALUES(658,375,108,1,70);
INSERT INTO "order_items" ("id","order_id","product_id","quantity","unit_price") VALUES(659,378,104,1,250);
INSERT INTO "order_items" ("id","order_id","product_id","quantity","unit_price") VALUES(660,379,105,1,200);
INSERT INTO "order_items" ("id","order_id","product_id","quantity","unit_price") VALUES(661,379,109,1,50);
INSERT INTO "order_items" ("id","order_id","product_id","quantity","unit_price") VALUES(662,379,111,1,20);
INSERT INTO "order_items" ("id","order_id","product_id","quantity","unit_price") VALUES(663,380,103,1,300);
INSERT INTO "order_items" ("id","order_id","product_id","quantity","unit_price") VALUES(664,380,106,1,200);
INSERT INTO "order_items" ("id","order_id","product_id","quantity","unit_price") VALUES(665,381,105,1,200);
INSERT INTO "order_items" ("id","order_id","product_id","quantity","unit_price") VALUES(666,381,107,1,100);
INSERT INTO "order_items" ("id","order_id","product_id","quantity","unit_price") VALUES(667,381,106,4,200);
INSERT INTO "order_items" ("id","order_id","product_id","quantity","unit_price") VALUES(668,382,106,1,200);
INSERT INTO "order_items" ("id","order_id","product_id","quantity","unit_price") VALUES(669,382,108,1,70);
INSERT INTO "order_items" ("id","order_id","product_id","quantity","unit_price") VALUES(670,383,107,4,100);
INSERT INTO "order_items" ("id","order_id","product_id","quantity","unit_price") VALUES(671,384,121,1,150);
INSERT INTO "order_items" ("id","order_id","product_id","quantity","unit_price") VALUES(672,384,109,1,50);
INSERT INTO "order_items" ("id","order_id","product_id","quantity","unit_price") VALUES(673,385,108,1,70);
INSERT INTO "order_items" ("id","order_id","product_id","quantity","unit_price") VALUES(674,385,109,1,50);
INSERT INTO "order_items" ("id","order_id","product_id","quantity","unit_price") VALUES(675,385,104,1,250);
INSERT INTO "order_items" ("id","order_id","product_id","quantity","unit_price") VALUES(676,385,106,1,200);
INSERT INTO "order_items" ("id","order_id","product_id","quantity","unit_price") VALUES(677,386,103,1,300);
INSERT INTO "order_items" ("id","order_id","product_id","quantity","unit_price") VALUES(678,386,106,1,200);
INSERT INTO "order_items" ("id","order_id","product_id","quantity","unit_price") VALUES(679,387,104,1,250);
INSERT INTO "order_items" ("id","order_id","product_id","quantity","unit_price") VALUES(680,387,106,2,200);
INSERT INTO "order_items" ("id","order_id","product_id","quantity","unit_price") VALUES(681,388,105,2,200);
INSERT INTO "order_items" ("id","order_id","product_id","quantity","unit_price") VALUES(682,389,103,1,300);
INSERT INTO "order_items" ("id","order_id","product_id","quantity","unit_price") VALUES(683,389,106,1,200);
INSERT INTO "order_items" ("id","order_id","product_id","quantity","unit_price") VALUES(684,387,110,1,50);
INSERT INTO "order_items" ("id","order_id","product_id","quantity","unit_price") VALUES(685,387,109,1,50);
INSERT INTO "order_items" ("id","order_id","product_id","quantity","unit_price") VALUES(686,390,112,2,60);
INSERT INTO "order_items" ("id","order_id","product_id","quantity","unit_price") VALUES(687,390,112,1,60);
INSERT INTO "order_items" ("id","order_id","product_id","quantity","unit_price") VALUES(688,387,108,1,70);
INSERT INTO "order_items" ("id","order_id","product_id","quantity","unit_price") VALUES(689,391,106,2,200);
INSERT INTO "order_items" ("id","order_id","product_id","quantity","unit_price") VALUES(690,391,107,4,100);
INSERT INTO "order_items" ("id","order_id","product_id","quantity","unit_price") VALUES(691,391,109,2,50);
INSERT INTO "order_items" ("id","order_id","product_id","quantity","unit_price") VALUES(692,391,108,3,70);
INSERT INTO "order_items" ("id","order_id","product_id","quantity","unit_price") VALUES(693,392,103,3,300);
INSERT INTO "order_items" ("id","order_id","product_id","quantity","unit_price") VALUES(694,392,120,1,100);
INSERT INTO "order_items" ("id","order_id","product_id","quantity","unit_price") VALUES(695,393,115,3,60);
INSERT INTO "order_items" ("id","order_id","product_id","quantity","unit_price") VALUES(696,394,103,4,300);
INSERT INTO "order_items" ("id","order_id","product_id","quantity","unit_price") VALUES(697,394,108,4,70);
INSERT INTO "order_items" ("id","order_id","product_id","quantity","unit_price") VALUES(698,395,103,1,300);
INSERT INTO "order_items" ("id","order_id","product_id","quantity","unit_price") VALUES(699,395,104,3,250);
INSERT INTO "order_items" ("id","order_id","product_id","quantity","unit_price") VALUES(700,396,115,1,60);
INSERT INTO "order_items" ("id","order_id","product_id","quantity","unit_price") VALUES(701,396,111,2,20);
INSERT INTO "order_items" ("id","order_id","product_id","quantity","unit_price") VALUES(702,397,103,1,300);
INSERT INTO "order_items" ("id","order_id","product_id","quantity","unit_price") VALUES(703,397,105,1,200);
INSERT INTO "order_items" ("id","order_id","product_id","quantity","unit_price") VALUES(704,398,122,2,200);
INSERT INTO "order_items" ("id","order_id","product_id","quantity","unit_price") VALUES(705,399,122,1,200);
INSERT INTO "order_items" ("id","order_id","product_id","quantity","unit_price") VALUES(706,398,112,1,60);
INSERT INTO "order_items" ("id","order_id","product_id","quantity","unit_price") VALUES(707,400,103,1,300);
INSERT INTO "order_items" ("id","order_id","product_id","quantity","unit_price") VALUES(708,401,103,4,300);
INSERT INTO "order_items" ("id","order_id","product_id","quantity","unit_price") VALUES(709,402,106,1,200);
INSERT INTO "order_items" ("id","order_id","product_id","quantity","unit_price") VALUES(710,403,103,1,300);
INSERT INTO "order_items" ("id","order_id","product_id","quantity","unit_price") VALUES(711,403,104,1,250);
INSERT INTO "order_items" ("id","order_id","product_id","quantity","unit_price") VALUES(712,403,109,2,50);
INSERT INTO "order_items" ("id","order_id","product_id","quantity","unit_price") VALUES(713,404,106,2,200);
INSERT INTO "order_items" ("id","order_id","product_id","quantity","unit_price") VALUES(714,404,107,1,100);
INSERT INTO "order_items" ("id","order_id","product_id","quantity","unit_price") VALUES(715,405,103,1,300);
INSERT INTO "order_items" ("id","order_id","product_id","quantity","unit_price") VALUES(716,406,103,1,300);
INSERT INTO "order_items" ("id","order_id","product_id","quantity","unit_price") VALUES(717,406,112,1,60);
INSERT INTO "order_items" ("id","order_id","product_id","quantity","unit_price") VALUES(718,406,108,1,70);
INSERT INTO "order_items" ("id","order_id","product_id","quantity","unit_price") VALUES(719,406,106,1,200);
INSERT INTO "order_items" ("id","order_id","product_id","quantity","unit_price") VALUES(720,407,106,1,200);
INSERT INTO "order_items" ("id","order_id","product_id","quantity","unit_price") VALUES(721,407,107,1,100);
INSERT INTO "order_items" ("id","order_id","product_id","quantity","unit_price") VALUES(723,408,103,1,300);
INSERT INTO "order_items" ("id","order_id","product_id","quantity","unit_price") VALUES(724,409,103,1,300);
INSERT INTO "order_items" ("id","order_id","product_id","quantity","unit_price") VALUES(725,409,111,1,20);
INSERT INTO "order_items" ("id","order_id","product_id","quantity","unit_price") VALUES(726,409,109,1,50);
INSERT INTO "order_items" ("id","order_id","product_id","quantity","unit_price") VALUES(727,410,106,1,200);
INSERT INTO "order_items" ("id","order_id","product_id","quantity","unit_price") VALUES(728,410,122,1,200);
INSERT INTO "order_items" ("id","order_id","product_id","quantity","unit_price") VALUES(729,411,105,1,200);
INSERT INTO "order_items" ("id","order_id","product_id","quantity","unit_price") VALUES(730,411,108,1,70);
INSERT INTO "order_items" ("id","order_id","product_id","quantity","unit_price") VALUES(731,411,112,1,60);
INSERT INTO "order_items" ("id","order_id","product_id","quantity","unit_price") VALUES(732,412,107,1,100);
INSERT INTO "order_items" ("id","order_id","product_id","quantity","unit_price") VALUES(733,413,103,2,300);
INSERT INTO "order_items" ("id","order_id","product_id","quantity","unit_price") VALUES(734,414,106,1,200);
INSERT INTO "order_items" ("id","order_id","product_id","quantity","unit_price") VALUES(735,414,104,1,250);
INSERT INTO "order_items" ("id","order_id","product_id","quantity","unit_price") VALUES(736,415,103,2,300);
INSERT INTO "order_items" ("id","order_id","product_id","quantity","unit_price") VALUES(737,415,108,2,70);
INSERT INTO "order_items" ("id","order_id","product_id","quantity","unit_price") VALUES(738,414,107,1,100);
INSERT INTO "order_items" ("id","order_id","product_id","quantity","unit_price") VALUES(740,416,105,2,200);
INSERT INTO "order_items" ("id","order_id","product_id","quantity","unit_price") VALUES(741,417,106,3,200);
INSERT INTO "order_items" ("id","order_id","product_id","quantity","unit_price") VALUES(742,417,107,1,100);
INSERT INTO "order_items" ("id","order_id","product_id","quantity","unit_price") VALUES(743,418,103,2,300);
INSERT INTO "order_items" ("id","order_id","product_id","quantity","unit_price") VALUES(744,418,105,1,200);
INSERT INTO "order_items" ("id","order_id","product_id","quantity","unit_price") VALUES(745,419,107,2,100);
CREATE TABLE incoming_calls (
  id INTEGER PRIMARY KEY AUTOINCREMENT,
  phone TEXT NOT NULL,
  acknowledged INTEGER DEFAULT 0,
  created_at TEXT DEFAULT (datetime('now'))
);
INSERT INTO "incoming_calls" ("id","phone","acknowledged","created_at") VALUES(1,'05551234567',0,'2026-06-06 16:02:31');
INSERT INTO "incoming_calls" ("id","phone","acknowledged","created_at") VALUES(2,'05551234567',0,'2026-06-06 16:04:28');
INSERT INTO "incoming_calls" ("id","phone","acknowledged","created_at") VALUES(3,'05559999999',0,'2026-06-06 16:11:45');
INSERT INTO "incoming_calls" ("id","phone","acknowledged","created_at") VALUES(4,'05551112233',0,'2026-06-06 16:13:43');
INSERT INTO "incoming_calls" ("id","phone","acknowledged","created_at") VALUES(5,'05999000001',0,'2026-06-06 16:25:15');
INSERT INTO "incoming_calls" ("id","phone","acknowledged","created_at") VALUES(6,'05999000002',0,'2026-06-06 16:25:25');
INSERT INTO "incoming_calls" ("id","phone","acknowledged","created_at") VALUES(7,'05345176522',0,'2026-06-06 17:01:11');
INSERT INTO "incoming_calls" ("id","phone","acknowledged","created_at") VALUES(8,'05345176522',0,'2026-06-06 17:10:48');
INSERT INTO "incoming_calls" ("id","phone","acknowledged","created_at") VALUES(9,'05551234567',0,'2026-06-06 17:21:06');
INSERT INTO "incoming_calls" ("id","phone","acknowledged","created_at") VALUES(10,'05559999888',0,'2026-06-06 17:21:07');
INSERT INTO "incoming_calls" ("id","phone","acknowledged","created_at") VALUES(11,'05551112222',0,'2026-06-06 17:22:59');
INSERT INTO "incoming_calls" ("id","phone","acknowledged","created_at") VALUES(12,'05551112233',0,'2026-06-06 17:28:20');
INSERT INTO "incoming_calls" ("id","phone","acknowledged","created_at") VALUES(13,'05345176522',1,'2026-06-06 17:39:52');
INSERT INTO "incoming_calls" ("id","phone","acknowledged","created_at") VALUES(14,'Bilinmeyen',1,'2026-06-06 17:39:52');
INSERT INTO "incoming_calls" ("id","phone","acknowledged","created_at") VALUES(15,'Bilinmeyen',1,'2026-06-06 18:34:34');
INSERT INTO "incoming_calls" ("id","phone","acknowledged","created_at") VALUES(16,'05345176522',1,'2026-06-06 18:34:34');
INSERT INTO "incoming_calls" ("id","phone","acknowledged","created_at") VALUES(17,'05551112233',1,'2026-06-06 18:44:16');
INSERT INTO "incoming_calls" ("id","phone","acknowledged","created_at") VALUES(18,'05559998877',1,'2026-06-06 18:46:21');
INSERT INTO "incoming_calls" ("id","phone","acknowledged","created_at") VALUES(19,'05345176522',1,'2026-06-06 18:50:29');
INSERT INTO "incoming_calls" ("id","phone","acknowledged","created_at") VALUES(20,'05345176522',1,'2026-06-06 18:50:54');
INSERT INTO "incoming_calls" ("id","phone","acknowledged","created_at") VALUES(21,'05559990001',1,'2026-06-06 18:55:46');
INSERT INTO "incoming_calls" ("id","phone","acknowledged","created_at") VALUES(22,'+905345171111',1,'2026-06-06 19:00:44');
INSERT INTO "incoming_calls" ("id","phone","acknowledged","created_at") VALUES(23,'05345176522',1,'2026-06-06 19:16:33');
INSERT INTO "incoming_calls" ("id","phone","acknowledged","created_at") VALUES(24,'05345176522',1,'2026-06-06 19:17:09');
INSERT INTO "incoming_calls" ("id","phone","acknowledged","created_at") VALUES(25,'05551234567',1,'2026-06-06 19:34:52');
INSERT INTO "incoming_calls" ("id","phone","acknowledged","created_at") VALUES(26,'05388931925',0,'2026-06-07 12:21:05');
INSERT INTO "incoming_calls" ("id","phone","acknowledged","created_at") VALUES(27,'05334143572',1,'2026-06-07 12:52:10');
INSERT INTO "incoming_calls" ("id","phone","acknowledged","created_at") VALUES(28,'02162030858',0,'2026-06-07 13:55:09');
INSERT INTO "incoming_calls" ("id","phone","acknowledged","created_at") VALUES(29,'+905077331535',1,'2026-06-07 20:46:08');
INSERT INTO "incoming_calls" ("id","phone","acknowledged","created_at") VALUES(30,'05324111057',0,'2026-06-08 15:32:22');
INSERT INTO "incoming_calls" ("id","phone","acknowledged","created_at") VALUES(31,'05423399743',0,'2026-06-08 16:51:33');
INSERT INTO "incoming_calls" ("id","phone","acknowledged","created_at") VALUES(32,'+905428234468',0,'2026-06-08 19:46:39');
INSERT INTO "incoming_calls" ("id","phone","acknowledged","created_at") VALUES(33,'+905345176522',0,'2026-06-08 20:48:43');
INSERT INTO "incoming_calls" ("id","phone","acknowledged","created_at") VALUES(34,'05345176522',0,'2026-06-08 22:05:15');
INSERT INTO "incoming_calls" ("id","phone","acknowledged","created_at") VALUES(35,'+905345176522',0,'2026-06-09 06:31:48');
INSERT INTO "incoming_calls" ("id","phone","acknowledged","created_at") VALUES(36,'4448875',0,'2026-06-09 10:29:59');
INSERT INTO "incoming_calls" ("id","phone","acknowledged","created_at") VALUES(37,'05345280309',0,'2026-06-09 13:04:06');
INSERT INTO "incoming_calls" ("id","phone","acknowledged","created_at") VALUES(38,'+905345176522',0,'2026-06-09 15:47:00');
INSERT INTO "incoming_calls" ("id","phone","acknowledged","created_at") VALUES(39,'+905345176522',0,'2026-06-09 16:20:34');
INSERT INTO "incoming_calls" ("id","phone","acknowledged","created_at") VALUES(40,'05422733669',1,'2026-06-09 17:06:16');
INSERT INTO "incoming_calls" ("id","phone","acknowledged","created_at") VALUES(41,'05422733669',1,'2026-06-09 17:09:05');
INSERT INTO "incoming_calls" ("id","phone","acknowledged","created_at") VALUES(42,'05396046002',0,'2026-06-10 08:00:02');
INSERT INTO "incoming_calls" ("id","phone","acknowledged","created_at") VALUES(43,'05335255052',0,'2026-06-10 09:48:50');
INSERT INTO "incoming_calls" ("id","phone","acknowledged","created_at") VALUES(44,'05396046002',0,'2026-06-10 10:06:19');
INSERT INTO "incoming_calls" ("id","phone","acknowledged","created_at") VALUES(45,'05336954698',0,'2026-06-10 10:48:43');
INSERT INTO "incoming_calls" ("id","phone","acknowledged","created_at") VALUES(46,'05423399743',0,'2026-06-10 11:23:25');
INSERT INTO "incoming_calls" ("id","phone","acknowledged","created_at") VALUES(47,'05322324437',0,'2026-06-10 17:31:30');
INSERT INTO "incoming_calls" ("id","phone","acknowledged","created_at") VALUES(48,'+905345176522',0,'2026-06-10 23:33:18');
INSERT INTO "incoming_calls" ("id","phone","acknowledged","created_at") VALUES(49,'+905345176522',0,'2026-06-11 06:45:05');
INSERT INTO "incoming_calls" ("id","phone","acknowledged","created_at") VALUES(50,'05348214399',0,'2026-06-11 12:22:03');
INSERT INTO "incoming_calls" ("id","phone","acknowledged","created_at") VALUES(51,'05322324437',0,'2026-06-11 19:05:06');
INSERT INTO "incoming_calls" ("id","phone","acknowledged","created_at") VALUES(52,'05355951943',0,'2026-06-13 07:49:57');
INSERT INTO "incoming_calls" ("id","phone","acknowledged","created_at") VALUES(53,'+905417173177',1,'2026-07-03 11:48:00');
INSERT INTO "incoming_calls" ("id","phone","acknowledged","created_at") VALUES(54,'+905530024426',1,'2026-07-03 11:49:06');
INSERT INTO "incoming_calls" ("id","phone","acknowledged","created_at") VALUES(55,'+905530024426',1,'2026-07-03 11:49:59');
INSERT INTO "incoming_calls" ("id","phone","acknowledged","created_at") VALUES(56,'+905530024426',1,'2026-07-03 11:50:22');
INSERT INTO "incoming_calls" ("id","phone","acknowledged","created_at") VALUES(57,'+905468604777',1,'2026-07-03 12:26:22');
INSERT INTO "incoming_calls" ("id","phone","acknowledged","created_at") VALUES(58,'+905530024426',1,'2026-07-03 12:38:28');
INSERT INTO "incoming_calls" ("id","phone","acknowledged","created_at") VALUES(59,'+905319677033',1,'2026-07-03 12:39:08');
INSERT INTO "incoming_calls" ("id","phone","acknowledged","created_at") VALUES(60,'+905530024426',1,'2026-07-03 12:45:46');
INSERT INTO "incoming_calls" ("id","phone","acknowledged","created_at") VALUES(61,'+905530024426',1,'2026-07-03 12:46:40');
INSERT INTO "incoming_calls" ("id","phone","acknowledged","created_at") VALUES(62,'+905376065442',1,'2026-07-03 12:47:24');
INSERT INTO "incoming_calls" ("id","phone","acknowledged","created_at") VALUES(63,'+905511593169',1,'2026-07-03 13:40:16');
INSERT INTO "incoming_calls" ("id","phone","acknowledged","created_at") VALUES(64,'+905432733669',1,'2026-07-03 14:29:01');
INSERT INTO "incoming_calls" ("id","phone","acknowledged","created_at") VALUES(65,'+905319677033',1,'2026-07-03 14:41:38');
INSERT INTO "incoming_calls" ("id","phone","acknowledged","created_at") VALUES(66,'+905069056705',1,'2026-07-03 15:43:45');
INSERT INTO "incoming_calls" ("id","phone","acknowledged","created_at") VALUES(67,'+905417173177',1,'2026-07-03 16:25:58');
INSERT INTO "incoming_calls" ("id","phone","acknowledged","created_at") VALUES(68,'+905319640907',1,'2026-07-03 17:57:40');
INSERT INTO "incoming_calls" ("id","phone","acknowledged","created_at") VALUES(69,'+905444645715',1,'2026-07-03 19:47:21');
INSERT INTO "incoming_calls" ("id","phone","acknowledged","created_at") VALUES(70,'+905444645715',1,'2026-07-03 20:01:23');
INSERT INTO "incoming_calls" ("id","phone","acknowledged","created_at") VALUES(71,'+905417173177',0,'2026-07-04 08:05:26');
INSERT INTO "incoming_calls" ("id","phone","acknowledged","created_at") VALUES(72,'+905426747381',1,'2026-07-04 08:57:13');
INSERT INTO "incoming_calls" ("id","phone","acknowledged","created_at") VALUES(73,'+905352563281',1,'2026-07-04 10:52:01');
INSERT INTO "incoming_calls" ("id","phone","acknowledged","created_at") VALUES(74,'+905314081416',1,'2026-07-04 11:15:21');
INSERT INTO "incoming_calls" ("id","phone","acknowledged","created_at") VALUES(75,'+905314081416',1,'2026-07-04 11:16:24');
INSERT INTO "incoming_calls" ("id","phone","acknowledged","created_at") VALUES(76,'+905314081416',1,'2026-07-04 11:25:27');
INSERT INTO "incoming_calls" ("id","phone","acknowledged","created_at") VALUES(77,'+905511593169',1,'2026-07-04 11:55:36');
INSERT INTO "incoming_calls" ("id","phone","acknowledged","created_at") VALUES(78,'+905446776171',1,'2026-07-04 12:46:36');
INSERT INTO "incoming_calls" ("id","phone","acknowledged","created_at") VALUES(79,'+905319640907',1,'2026-07-04 14:13:45');
INSERT INTO "incoming_calls" ("id","phone","acknowledged","created_at") VALUES(80,'+905319677033',1,'2026-07-04 14:52:53');
INSERT INTO "incoming_calls" ("id","phone","acknowledged","created_at") VALUES(81,'+905466564574',1,'2026-07-04 15:22:33');
INSERT INTO "incoming_calls" ("id","phone","acknowledged","created_at") VALUES(82,'+905331525471',1,'2026-07-04 18:50:27');
INSERT INTO "incoming_calls" ("id","phone","acknowledged","created_at") VALUES(83,'+905376065442',1,'2026-07-04 19:29:16');
INSERT INTO "incoming_calls" ("id","phone","acknowledged","created_at") VALUES(84,'+905347836135',0,'2026-07-05 11:34:36');
INSERT INTO "incoming_calls" ("id","phone","acknowledged","created_at") VALUES(85,'+905415563065',0,'2026-07-05 11:35:55');
INSERT INTO "incoming_calls" ("id","phone","acknowledged","created_at") VALUES(86,'+905421688107',0,'2026-07-05 12:27:57');
INSERT INTO "incoming_calls" ("id","phone","acknowledged","created_at") VALUES(87,'+905424770734',0,'2026-07-05 13:08:00');
INSERT INTO "incoming_calls" ("id","phone","acknowledged","created_at") VALUES(88,'+905424770734',0,'2026-07-05 13:10:30');
INSERT INTO "incoming_calls" ("id","phone","acknowledged","created_at") VALUES(89,'+905456817503',1,'2026-07-05 13:59:14');
INSERT INTO "incoming_calls" ("id","phone","acknowledged","created_at") VALUES(90,'+905456817503',1,'2026-07-05 14:38:24');
INSERT INTO "incoming_calls" ("id","phone","acknowledged","created_at") VALUES(91,'+905456817503',1,'2026-07-05 14:41:29');
INSERT INTO "incoming_calls" ("id","phone","acknowledged","created_at") VALUES(92,'+905350760707',1,'2026-07-05 16:03:15');
INSERT INTO "incoming_calls" ("id","phone","acknowledged","created_at") VALUES(93,'+905422733669',1,'2026-07-05 16:40:17');
INSERT INTO "incoming_calls" ("id","phone","acknowledged","created_at") VALUES(94,'+905379796299',1,'2026-07-05 16:54:29');
INSERT INTO "incoming_calls" ("id","phone","acknowledged","created_at") VALUES(95,'+905422733669',1,'2026-07-05 16:58:56');
INSERT INTO "incoming_calls" ("id","phone","acknowledged","created_at") VALUES(96,'+905417173177',1,'2026-07-06 07:22:52');
INSERT INTO "incoming_calls" ("id","phone","acknowledged","created_at") VALUES(97,'+905462778640',1,'2026-07-06 08:45:51');
INSERT INTO "incoming_calls" ("id","phone","acknowledged","created_at") VALUES(98,'+905322921638',1,'2026-07-06 09:01:40');
INSERT INTO "incoming_calls" ("id","phone","acknowledged","created_at") VALUES(99,'+905060676153',1,'2026-07-06 09:16:42');
INSERT INTO "incoming_calls" ("id","phone","acknowledged","created_at") VALUES(100,'+905060676153',1,'2026-07-06 09:17:48');
INSERT INTO "incoming_calls" ("id","phone","acknowledged","created_at") VALUES(101,'+905060676153',1,'2026-07-06 09:18:24');
INSERT INTO "incoming_calls" ("id","phone","acknowledged","created_at") VALUES(102,'+905453011611',1,'2026-07-06 10:00:15');
INSERT INTO "incoming_calls" ("id","phone","acknowledged","created_at") VALUES(103,'+905453011611',1,'2026-07-06 10:06:07');
INSERT INTO "incoming_calls" ("id","phone","acknowledged","created_at") VALUES(104,'+905494224050',1,'2026-07-06 10:14:32');
INSERT INTO "incoming_calls" ("id","phone","acknowledged","created_at") VALUES(105,'+905513970766',1,'2026-07-09 08:38:06');
INSERT INTO "incoming_calls" ("id","phone","acknowledged","created_at") VALUES(106,'+905314264107',1,'2026-07-10 14:26:37');
INSERT INTO "incoming_calls" ("id","phone","acknowledged","created_at") VALUES(107,'+905417173177',1,'2026-07-11 08:06:54');
INSERT INTO "incoming_calls" ("id","phone","acknowledged","created_at") VALUES(108,'+905312710922',1,'2026-07-11 10:46:54');
INSERT INTO "incoming_calls" ("id","phone","acknowledged","created_at") VALUES(109,'+905312710922',1,'2026-07-11 10:48:47');
INSERT INTO "incoming_calls" ("id","phone","acknowledged","created_at") VALUES(110,'+905323561556',1,'2026-07-11 13:52:38');
INSERT INTO "incoming_calls" ("id","phone","acknowledged","created_at") VALUES(111,'+905376065442',1,'2026-07-11 18:40:50');
INSERT INTO "incoming_calls" ("id","phone","acknowledged","created_at") VALUES(112,'+905426747381',1,'2026-07-11 18:49:31');
INSERT INTO "incoming_calls" ("id","phone","acknowledged","created_at") VALUES(113,'+905073566060',1,'2026-07-11 19:32:27');
INSERT INTO "incoming_calls" ("id","phone","acknowledged","created_at") VALUES(114,'+905452799427',1,'2026-07-12 07:47:23');
INSERT INTO "incoming_calls" ("id","phone","acknowledged","created_at") VALUES(115,'+905382432948',1,'2026-07-12 08:04:47');
INSERT INTO "incoming_calls" ("id","phone","acknowledged","created_at") VALUES(116,'+905452799427',1,'2026-07-12 08:08:32');
INSERT INTO "incoming_calls" ("id","phone","acknowledged","created_at") VALUES(117,'+905317479585',1,'2026-07-12 09:42:52');
INSERT INTO "incoming_calls" ("id","phone","acknowledged","created_at") VALUES(118,'+905444645715',1,'2026-07-12 11:28:02');
INSERT INTO "incoming_calls" ("id","phone","acknowledged","created_at") VALUES(119,'+905444645715',1,'2026-07-12 11:28:29');
INSERT INTO "incoming_calls" ("id","phone","acknowledged","created_at") VALUES(120,'+905013310507',1,'2026-07-12 13:10:11');
INSERT INTO "incoming_calls" ("id","phone","acknowledged","created_at") VALUES(121,'+905452958475',1,'2026-07-12 13:28:16');
INSERT INTO "incoming_calls" ("id","phone","acknowledged","created_at") VALUES(122,'+905070990771',1,'2026-07-12 16:14:03');
INSERT INTO "incoming_calls" ("id","phone","acknowledged","created_at") VALUES(123,'+905367087028',1,'2026-07-12 17:46:30');
INSERT INTO "incoming_calls" ("id","phone","acknowledged","created_at") VALUES(124,'+905373411124',1,'2026-07-12 18:28:58');
INSERT INTO "incoming_calls" ("id","phone","acknowledged","created_at") VALUES(125,'+905317700797',1,'2026-07-12 20:47:10');
INSERT INTO "incoming_calls" ("id","phone","acknowledged","created_at") VALUES(126,'+905317700797',1,'2026-07-12 20:49:35');
INSERT INTO "incoming_calls" ("id","phone","acknowledged","created_at") VALUES(127,'+905397470443',1,'2026-07-13 08:12:01');
INSERT INTO "incoming_calls" ("id","phone","acknowledged","created_at") VALUES(128,'+905414030653',1,'2026-07-13 09:41:20');
INSERT INTO "incoming_calls" ("id","phone","acknowledged","created_at") VALUES(129,'+905330326291',1,'2026-07-13 12:03:19');
INSERT INTO "incoming_calls" ("id","phone","acknowledged","created_at") VALUES(130,'+905330326291',1,'2026-07-13 12:08:52');
INSERT INTO "incoming_calls" ("id","phone","acknowledged","created_at") VALUES(131,'+905417301040',1,'2026-07-13 15:04:09');
INSERT INTO "incoming_calls" ("id","phone","acknowledged","created_at") VALUES(132,'+905418251107',1,'2026-07-13 15:06:18');
INSERT INTO "incoming_calls" ("id","phone","acknowledged","created_at") VALUES(133,'+905418251107',1,'2026-07-13 15:29:43');
INSERT INTO "incoming_calls" ("id","phone","acknowledged","created_at") VALUES(134,'+905074650707',1,'2026-07-13 17:13:37');
INSERT INTO "incoming_calls" ("id","phone","acknowledged","created_at") VALUES(135,'+905436900203',0,'2026-07-14 09:34:14');
INSERT INTO "incoming_calls" ("id","phone","acknowledged","created_at") VALUES(136,'+905436900203',1,'2026-07-14 10:09:39');
INSERT INTO "incoming_calls" ("id","phone","acknowledged","created_at") VALUES(137,'+905376065442',1,'2026-07-14 10:27:58');
INSERT INTO "incoming_calls" ("id","phone","acknowledged","created_at") VALUES(138,'+905327325907',1,'2026-07-14 11:10:45');
INSERT INTO "incoming_calls" ("id","phone","acknowledged","created_at") VALUES(139,'+905419135055',1,'2026-07-14 11:53:22');
INSERT INTO "incoming_calls" ("id","phone","acknowledged","created_at") VALUES(140,'+905419135055',1,'2026-07-14 12:26:36');
INSERT INTO "incoming_calls" ("id","phone","acknowledged","created_at") VALUES(141,'+905055393803',1,'2026-07-14 12:39:23');
INSERT INTO "incoming_calls" ("id","phone","acknowledged","created_at") VALUES(142,'+905330667975',1,'2026-07-14 15:25:27');
INSERT INTO "incoming_calls" ("id","phone","acknowledged","created_at") VALUES(143,'+905079919112',1,'2026-07-14 15:34:47');
INSERT INTO "incoming_calls" ("id","phone","acknowledged","created_at") VALUES(144,'+905418836489',1,'2026-07-14 19:26:29');
INSERT INTO "incoming_calls" ("id","phone","acknowledged","created_at") VALUES(145,'+905309506907',1,'2026-07-15 06:17:13');
INSERT INTO "incoming_calls" ("id","phone","acknowledged","created_at") VALUES(146,'+905513970766',1,'2026-07-15 08:31:38');
INSERT INTO "incoming_calls" ("id","phone","acknowledged","created_at") VALUES(147,'+905075913366',1,'2026-07-15 09:59:57');
INSERT INTO "incoming_calls" ("id","phone","acknowledged","created_at") VALUES(148,'+905377686746',1,'2026-07-15 10:05:58');
INSERT INTO "incoming_calls" ("id","phone","acknowledged","created_at") VALUES(149,'+905533657619',1,'2026-07-15 10:28:06');
INSERT INTO "incoming_calls" ("id","phone","acknowledged","created_at") VALUES(150,'+905079919112',1,'2026-07-15 10:38:59');
INSERT INTO "incoming_calls" ("id","phone","acknowledged","created_at") VALUES(151,'+905360504510',1,'2026-07-15 12:28:18');
INSERT INTO "incoming_calls" ("id","phone","acknowledged","created_at") VALUES(152,'+905525952716',1,'2026-07-15 13:12:01');
INSERT INTO "incoming_calls" ("id","phone","acknowledged","created_at") VALUES(153,'+905514720190',1,'2026-07-15 15:26:00');
INSERT INTO "incoming_calls" ("id","phone","acknowledged","created_at") VALUES(154,'+905426747381',1,'2026-07-15 17:06:41');
INSERT INTO "incoming_calls" ("id","phone","acknowledged","created_at") VALUES(155,'+905414859379',1,'2026-07-15 18:47:00');
CREATE TABLE login_attempts (ip TEXT PRIMARY KEY, count INTEGER DEFAULT 1, reset_at INTEGER NOT NULL);
CREATE TABLE cari_payments (
  id INTEGER PRIMARY KEY AUTOINCREMENT,
  customer_id INTEGER NOT NULL REFERENCES customers(id),
  amount REAL NOT NULL,
  note TEXT DEFAULT '',
  created_at TEXT DEFAULT (datetime('now'))
);
CREATE TABLE d1_migrations(
		id         INTEGER PRIMARY KEY AUTOINCREMENT,
		name       TEXT UNIQUE,
		applied_at TIMESTAMP DEFAULT CURRENT_TIMESTAMP NOT NULL
);
INSERT INTO "d1_migrations" ("id","name","applied_at") VALUES(1,'0001_initial.sql','2026-06-06 21:43:16');
INSERT INTO "d1_migrations" ("id","name","applied_at") VALUES(2,'0002_seed.sql','2026-06-06 21:43:18');
INSERT INTO "d1_migrations" ("id","name","applied_at") VALUES(3,'0003_fastfood.sql','2026-06-06 21:43:23');
INSERT INTO "d1_migrations" ("id","name","applied_at") VALUES(4,'0004_cari_payments.sql','2026-06-06 21:43:23');
INSERT INTO "d1_migrations" ("id","name","applied_at") VALUES(5,'0005_product_sort.sql','2026-06-06 21:43:25');
INSERT INTO "d1_migrations" ("id","name","applied_at") VALUES(6,'0006_salon_masa.sql','2026-06-27 12:25:34');
CREATE TABLE areas (
  id INTEGER PRIMARY KEY AUTOINCREMENT,
  name TEXT NOT NULL,
  sort_order INTEGER DEFAULT 0
);
INSERT INTO "areas" ("id","name","sort_order") VALUES(1,'İç Salon',0);
INSERT INTO "areas" ("id","name","sort_order") VALUES(2,'Bahçe',1);
CREATE TABLE dining_tables (
  id INTEGER PRIMARY KEY AUTOINCREMENT,
  area_id INTEGER NOT NULL,
  name TEXT NOT NULL,
  sort_order INTEGER DEFAULT 0
);
INSERT INTO "dining_tables" ("id","area_id","name","sort_order") VALUES(1,1,'Masa 1',0);
INSERT INTO "dining_tables" ("id","area_id","name","sort_order") VALUES(2,1,'Masa 2',1);
INSERT INTO "dining_tables" ("id","area_id","name","sort_order") VALUES(5,2,'B1',0);
INSERT INTO "dining_tables" ("id","area_id","name","sort_order") VALUES(6,2,'B3',2);
INSERT INTO "dining_tables" ("id","area_id","name","sort_order") VALUES(7,2,'B2',1);
INSERT INTO "dining_tables" ("id","area_id","name","sort_order") VALUES(8,2,'B4',3);
INSERT INTO "dining_tables" ("id","area_id","name","sort_order") VALUES(9,2,'B5',4);
INSERT INTO "dining_tables" ("id","area_id","name","sort_order") VALUES(10,2,'B6',5);
INSERT INTO "dining_tables" ("id","area_id","name","sort_order") VALUES(11,2,'B7',6);
INSERT INTO "dining_tables" ("id","area_id","name","sort_order") VALUES(12,2,'B8',7);
DELETE FROM sqlite_sequence;
INSERT INTO "sqlite_sequence" ("name","seq") VALUES('incoming_calls',155);
INSERT INTO "sqlite_sequence" ("name","seq") VALUES('users',2);
INSERT INTO "sqlite_sequence" ("name","seq") VALUES('categories',28);
INSERT INTO "sqlite_sequence" ("name","seq") VALUES('products',123);
INSERT INTO "sqlite_sequence" ("name","seq") VALUES('orders',419);
INSERT INTO "sqlite_sequence" ("name","seq") VALUES('order_items',745);
INSERT INTO "sqlite_sequence" ("name","seq") VALUES('customers',34);
INSERT INTO "sqlite_sequence" ("name","seq") VALUES('cari_payments',2);
INSERT INTO "sqlite_sequence" ("name","seq") VALUES('d1_migrations',6);
INSERT INTO "sqlite_sequence" ("name","seq") VALUES('areas',2);
INSERT INTO "sqlite_sequence" ("name","seq") VALUES('dining_tables',12);
